"name","group","Read BW demand","Read BW supply","Read BW % diff","Write BW demand","Write BW supply","Write BW % diff","Read Latency","Write Latency","Read Outstanding","Write Outstanding"
"cpu0_llc0_0_100","cpu0",0,0,0.00,19200,6219,-67.61,0,195,0,13
"cpu0_llc1_0_100","cpu0",0,0,0.00,19200,5668,-70.48,0,200,0,13
"cpu0_llc2_0_100","cpu0",0,0,0.00,19200,5229,-72.76,0,242,0,13
"cpu0_llc3_0_100","cpu0",0,0,0.00,19200,5699,-70.32,0,217,0,13
"cpu1_llc0_0_100","cpu1",0,0,0.00,25600,17053,-33.39,0,85,0,22
"cpu1_llc1_0_100","cpu1",0,0,0.00,25600,17055,-33.38,0,70,0,18
"cpu1_llc2_0_100","cpu1",0,0,0.00,25600,17057,-33.37,0,60,0,16
"cpu1_llc3_0_100","cpu1",0,0,0.00,25600,17053,-33.39,0,75,0,20
"cpu2_llc0_0_100","cpu2",0,0,0.00,25600,17053,-33.39,0,85,0,22
"cpu2_llc1_0_100","cpu2",0,0,0.00,25600,17056,-33.38,0,70,0,18
"cpu2_llc2_0_100","cpu2",0,0,0.00,25600,17057,-33.37,0,60,0,16
"cpu2_llc3_0_100","cpu2",0,0,0.00,25600,17054,-33.38,0,75,0,20
"elf_llc0_0_100","elf",0,0,0.00,4800,3832,-20.17,0,178,0,10
"elf_llc1_0_100","elf",0,0,0.00,4800,3831,-20.19,0,192,0,11
"elf_llc2_0_100","elf",0,0,0.00,4800,3831,-20.19,0,182,0,10
"elf_llc3_0_100","elf",0,0,0.00,4800,3832,-20.17,0,170,0,10
"gpu0_llc0_0_100","gpu0",0,0,0.00,25600,17050,-33.40,0,98,0,26
"gpu0_llc1_0_100","gpu0",0,0,0.00,25600,17053,-33.39,0,82,0,22
"gpu0_llc2_0_100","gpu0",0,0,0.00,25600,17052,-33.39,0,88,0,23
"gpu0_llc3_0_100","gpu0",0,0,0.00,25600,17048,-33.41,0,102,0,27
"gpu1_llc0_0_100","gpu1",0,0,0.00,25600,17050,-33.40,0,105,0,14
"gpu1_llc1_0_100","gpu1",0,0,0.00,25600,17052,-33.39,0,90,0,12
"gpu1_llc2_0_100","gpu1",0,0,0.00,25600,17051,-33.39,0,95,0,12
"gpu1_llc3_0_100","gpu1",0,0,0.00,25600,17050,-33.40,0,110,0,14
"npu_llc0_0_100","npu",0,0,0.00,6400,5112,-20.12,0,189,0,7
"npu_llc1_0_100","npu",0,0,0.00,6400,5114,-20.10,0,174,0,6
"npu_llc2_0_100","npu",0,0,0.00,6400,5114,-20.10,0,179,0,7
"npu_llc3_0_100","npu",0,0,0.00,6400,5112,-20.12,0,194,0,7
"pcie0_llc0_0_100","pcie0",0,0,0.00,19200,17039,-11.25,0,350,0,2
"pcie0_llc1_0_100","pcie0",0,0,0.00,19200,16998,-11.47,0,335,0,2
"pcie0_llc2_0_100","pcie0",0,0,0.00,19200,17019,-11.36,0,340,0,2
"pcie0_llc3_0_100","pcie0",0,0,0.00,19200,17046,-11.22,0,122,0,32
"pcie1_llc0_0_100","pcie1",0,0,0.00,19200,10228,-46.73,0,129,0,20
"pcie1_llc1_0_100","pcie1",0,0,0.00,19200,10230,-46.72,0,114,0,18
"pcie1_llc2_0_100","pcie1",0,0,0.00,19200,10229,-46.72,0,119,0,19
"pcie1_llc3_0_100","pcie1",0,0,0.00,19200,10228,-46.73,0,134,0,21
"pcie2_llc0_0_100","pcie2",0,0,0.00,19200,10220,-46.77,0,321,0,3
"pcie2_llc1_0_100","pcie2",0,0,0.00,19200,10228,-46.73,0,119,0,19
"pcie2_llc2_0_100","pcie2",0,0,0.00,19200,10228,-46.73,0,124,0,19
"pcie2_llc3_0_100","pcie2",0,0,0.00,19200,10227,-46.74,0,139,0,22
"pcie3_llc0_0_100","pcie3",0,0,0.00,19200,10227,-46.73,0,139,0,22
"pcie3_llc1_0_100","pcie3",0,0,0.00,19200,10228,-46.73,0,124,0,19
"pcie3_llc2_0_100","pcie3",0,0,0.00,19200,10228,-46.73,0,129,0,20
"pcie3_llc3_0_100","pcie3",0,0,0.00,19200,10227,-46.74,0,144,0,23
"sata_llc0_0_100","sata",0,0,0.00,12800,10225,-20.12,0,181,0,7
"sata_llc1_0_100","sata",0,0,0.00,12800,10225,-20.12,0,166,0,6
"sata_llc2_0_100","sata",0,0,0.00,12800,10227,-20.10,0,171,0,6
"sata_llc3_0_100","sata",0,0,0.00,12800,10222,-20.14,0,186,0,7
"startup_llc0_0_100","startup",0,0,0.00,6400,457,-92.87,0,295,0,33
"startup_llc1_0_100","startup",0,0,0.00,6400,457,-92.87,0,295,0,33
"startup_llc2_0_100","startup",0,0,0.00,6400,457,-92.86,0,295,0,33
"startup_llc3_0_100","startup",0,0,0.00,6400,457,-92.86,0,295,0,33
"usb0_llc0_0_100","usb0",0,0,0.00,9600,7660,-20.21,0,377,0,2
"usb0_llc1_0_100","usb0",0,0,0.00,9600,7660,-20.21,0,390,0,2
"usb0_llc2_0_100","usb0",0,0,0.00,9600,7660,-20.21,0,404,0,3
"usb0_llc3_0_100","usb0",0,0,0.00,9600,7649,-20.32,0,429,0,3
"usb1_llc0_0_100","usb1",0,0,0.00,9600,7660,-20.21,0,374,0,2
"usb1_llc1_0_100","usb1",0,0,0.00,9600,7660,-20.21,0,387,0,2
"usb1_llc2_0_100","usb1",0,0,0.00,9600,7660,-20.21,0,400,0,3
"usb1_llc3_0_100","usb1",0,0,0.00,9600,7649,-20.32,0,425,0,3
"core0_llc0_0_100","core0",0,0,0.00,19200,12777,-33.45,0,103,0,20
"core0_llc1_0_100","core0",0,0,0.00,19200,12776,-33.46,0,117,0,23
"core0_llc2_0_100","core0",0,0,0.00,19200,12777,-33.45,0,107,0,21
"core0_llc3_0_100","core0",0,0,0.00,19200,12778,-33.45,0,95,0,19
"core1_llc0_0_100","core1",0,0,0.00,19200,12778,-33.45,0,97,0,19
"core1_llc1_0_100","core1",0,0,0.00,19200,12776,-33.46,0,110,0,22
"core1_llc2_0_100","core1",0,0,0.00,19200,12776,-33.46,0,113,0,22
"core1_llc3_0_100","core1",0,0,0.00,19200,12778,-33.45,0,102,0,20
"core2_llc0_0_100","core2",0,0,0.00,19200,12778,-33.45,0,97,0,19
"core2_llc1_0_100","core2",0,0,0.00,19200,12776,-33.46,0,110,0,22
"core2_llc2_0_100","core2",0,0,0.00,19200,12776,-33.46,0,113,0,22
"core2_llc3_0_100","core2",0,0,0.00,19200,12778,-33.45,0,102,0,20
"core3_llc0_0_100","core3",0,0,0.00,19200,12777,-33.45,0,103,0,20
"core3_llc1_0_100","core3",0,0,0.00,19200,12776,-33.46,0,117,0,23
"core3_llc2_0_100","core3",0,0,0.00,19200,12777,-33.45,0,107,0,21
"core3_llc3_0_100","core3",0,0,0.00,19200,12779,-33.44,0,95,0,19
"videoin_llc0_0_100","videoin",0,0,0.00,19200,12772,-33.48,0,142,0,28
"videoin_llc1_0_100","videoin",0,0,0.00,19200,12769,-33.49,0,155,0,31
"videoin_llc2_0_100","videoin",0,0,0.00,19200,12772,-33.48,0,145,0,29
"videoin_llc3_0_100","videoin",0,0,0.00,19200,12773,-33.47,0,133,0,26
"videoout_llc0_0_100","videoout",0,0,0.00,19200,1037,-94.60,0,244,0,3
"videoout_llc1_0_100","videoout",0,0,0.00,19200,945,-95.08,0,269,0,3
"videoout_llc2_0_100","videoout",0,0,0.00,19200,872,-95.46,0,290,0,3
"videoout_llc3_0_100","videoout",0,0,0.00,19200,950,-95.05,0,267,0,3
"vxd0_llc0_0_100","vxd0",0,0,0.00,25600,17047,-33.41,0,120,0,32
"vxd0_llc1_0_100","vxd0",0,0,0.00,25600,17050,-33.40,0,105,0,28
"vxd0_llc2_0_100","vxd0",0,0,0.00,25600,17049,-33.40,0,110,0,29
"vxd0_llc3_0_100","vxd0",0,0,0.00,25600,17046,-33.41,0,125,0,33
"vxd1_llc0_0_100","vxd1",0,0,0.00,25600,17047,-33.41,0,120,0,32
"vxd1_llc1_0_100","vxd1",0,0,0.00,25600,17050,-33.40,0,105,0,28
"vxd1_llc2_0_100","vxd1",0,0,0.00,25600,17049,-33.40,0,110,0,29
"vxd1_llc3_0_100","vxd1",0,0,0.00,25600,17046,-33.42,0,125,0,33
"vxe0_llc0_0_100","vxe0",0,0,0.00,19200,12778,-33.45,0,105,0,21
"vxe0_llc1_0_100","vxe0",0,0,0.00,19200,12775,-33.46,0,118,0,23
"vxe0_llc2_0_100","vxe0",0,0,0.00,19200,12774,-33.47,0,132,0,26
"vxe0_llc3_0_100","vxe0",0,0,0.00,19200,12771,-33.49,0,157,0,31
"vxe1_llc0_0_100","vxe1",0,0,0.00,19200,12771,-33.49,0,158,0,31
"vxe1_llc1_0_100","vxe1",0,0,0.00,19200,12774,-33.47,0,135,0,27
"vxe1_llc2_0_100","vxe1",0,0,0.00,19200,12776,-33.46,0,115,0,23
"vxe1_llc3_0_100","vxe1",0,0,0.00,19200,12776,-33.46,0,103,0,20
"vxe2_llc0_0_100","vxe2",0,0,0.00,9600,7665,-20.15,0,130,0,15
"vxe2_llc1_0_100","vxe2",0,0,0.00,9600,7664,-20.17,0,143,0,17
"vxe2_llc2_0_100","vxe2",0,0,0.00,9600,7213,-24.86,0,165,0,17
"vxe2_llc3_0_100","vxe2",0,0,0.00,9600,6181,-35.61,0,212,0,17
"cpu0_llc0_25_75","cpu0",4800,4842,0.87,14400,6211,-56.87,182,187,13,13
"cpu0_llc1_25_75","cpu0",4800,4798,-0.04,14400,5665,-60.66,200,219,13,13
"cpu0_llc2_25_75","cpu0",4800,4828,0.58,14400,5222,-63.73,232,242,13,13
"cpu0_llc3_25_75","cpu0",4800,4774,-0.55,14400,5690,-60.48,202,212,13,13
"cpu1_llc0_25_75","cpu1",6400,6310,-1.41,19200,16876,-12.10,99,102,21,25
"cpu1_llc1_25_75","cpu1",6400,6388,-0.18,19200,16879,-12.09,84,96,19,21
"cpu1_llc2_25_75","cpu1",6400,6321,-1.24,19200,16874,-12.12,72,79,19,18
"cpu1_llc3_25_75","cpu1",6400,6407,0.11,19200,16868,-12.15,90,98,21,22
"cpu2_llc0_25_75","cpu2",6400,6532,2.06,19200,16873,-12.12,99,106,22,25
"cpu2_llc1_25_75","cpu2",6400,6333,-1.05,19200,16886,-12.05,81,86,18,21
"cpu2_llc2_25_75","cpu2",6400,6356,-0.69,19200,16887,-12.05,75,80,16,18
"cpu2_llc3_25_75","cpu2",6400,6324,-1.18,19200,16878,-12.09,90,94,21,22
"elf_llc0_25_75","elf",1200,1170,-2.51,3600,3638,1.07,182,185,10,11
"elf_llc1_25_75","elf",1200,1212,0.96,3600,3570,-0.84,185,197,10,11
"elf_llc2_25_75","elf",1200,1199,-0.11,3600,3614,0.39,175,188,10,11
"elf_llc3_25_75","elf",1200,1205,0.43,3600,3583,-0.48,180,173,11,10
"gpu0_llc0_25_75","gpu0",6400,6445,0.70,19200,16806,-12.47,116,122,24,28
"gpu0_llc1_25_75","gpu0",6400,6353,-0.73,19200,16823,-12.38,98,104,22,24
"gpu0_llc2_25_75","gpu0",6400,6397,-0.05,19200,16832,-12.33,105,112,23,26
"gpu0_llc3_25_75","gpu0",6400,6348,-0.81,19200,16824,-12.37,120,139,24,30
"gpu1_llc0_25_75","gpu1",6400,6251,-2.33,19200,16608,-13.50,126,130,15,15
"gpu1_llc1_25_75","gpu1",6400,6419,0.30,19200,16586,-13.61,109,115,15,14
"gpu1_llc2_25_75","gpu1",6400,6377,-0.36,19200,16603,-13.53,118,119,13,14
"gpu1_llc3_25_75","gpu1",6400,6372,-0.44,19200,16593,-13.58,134,141,16,16
"npu_llc0_25_75","npu",3200,1601,-49.97,3200,4829,50.92,215,195,9,7
"npu_llc1_25_75","npu",3200,1610,-49.68,3200,4845,51.40,174,180,8,7
"npu_llc2_25_75","npu",3200,1582,-50.56,3200,4797,49.92,192,185,8,7
"npu_llc3_25_75","npu",3200,1738,-45.68,3200,4805,50.16,212,200,9,8
"pcie0_llc0_25_75","pcie0",4800,9175,91.15,14400,16364,13.64,644,375,2,2
"pcie0_llc1_25_75","pcie0",4800,9871,100.00,14400,16282,13.07,595,361,2,2
"pcie0_llc2_25_75","pcie0",4800,9810,100.00,14400,16364,13.64,584,364,2,2
"pcie0_llc3_25_75","pcie0",4800,12021,100.00,14400,2214,-84.63,1085,2206,64,35
"pcie1_llc0_25_75","pcie1",4800,11896,100.00,14400,2018,-85.99,1601,2448,64,34
"pcie1_llc1_25_75","pcie1",4800,11852,100.00,14400,3720,-74.16,1522,3140,64,30
"pcie1_llc2_25_75","pcie1",4800,10876,100.00,14400,10071,-30.06,1109,1231,64,31
"pcie1_llc3_25_75","pcie1",4800,10930,100.00,14400,10189,-29.24,759,394,64,35
"pcie2_llc0_25_75","pcie2",4800,11123,100.00,14400,2467,-82.87,1961,2728,64,35
"pcie2_llc1_25_75","pcie2",4800,11157,100.00,14400,3296,-77.11,1625,2529,64,31
"pcie2_llc2_25_75","pcie2",4800,12005,100.00,14400,3516,-75.58,1769,2115,64,32
"pcie2_llc3_25_75","pcie2",4800,11728,100.00,14400,3939,-72.65,1872,3768,64,37
"pcie3_llc0_25_75","pcie3",4800,12115,100.00,14400,1617,-88.77,1749,2558,64,37
"pcie3_llc1_25_75","pcie3",4800,12474,100.00,14400,371,-97.42,1861,1276,64,32
"pcie3_llc2_25_75","pcie3",4800,11909,100.00,14400,2147,-85.09,1892,2222,64,34
"pcie3_llc3_25_75","pcie3",4800,10967,100.00,14400,10193,-29.22,788,550,64,38
"sata_llc0_25_75","sata",3200,2335,-27.02,9600,9539,-0.64,192,188,7,7
"sata_llc1_25_75","sata",3200,2442,-23.68,9600,9398,-2.11,166,172,7,6
"sata_llc2_25_75","sata",3200,2447,-23.52,9600,9564,-0.37,169,178,7,7
"sata_llc3_25_75","sata",3200,12782,100.00,9600,10225,6.51,242,186,9,7
"startup_llc0_25_75","startup",1600,299,-81.30,4800,414,-91.38,505,332,33,33
"startup_llc1_25_75","startup",1600,299,-81.29,4800,414,-91.38,500,332,33,33
"startup_llc2_25_75","startup",1600,299,-81.28,4800,414,-91.38,472,332,33,33
"startup_llc3_25_75","startup",1600,299,-81.28,4800,414,-91.38,467,332,33,33
"usb0_llc0_25_75","usb0",2400,2161,-9.97,7200,6912,-4.00,410,382,4,2
"usb0_llc1_25_75","usb0",2400,2365,-1.44,7200,7270,0.98,480,394,4,2
"usb0_llc2_25_75","usb0",2400,2222,-7.41,7200,7229,0.41,520,409,5,3
"usb0_llc3_25_75","usb0",2400,2161,-9.97,7200,6953,-3.43,627,434,5,3
"usb1_llc0_25_75","usb1",2400,2509,4.53,7200,6902,-4.14,512,379,5,2
"usb1_llc1_25_75","usb1",2400,2247,-6.36,7200,6902,-4.14,385,390,4,2
"usb1_llc2_25_75","usb1",2400,2550,6.24,7200,7465,3.68,529,405,5,3
"usb1_llc3_25_75","usb1",2400,2345,-2.29,7200,6769,-5.99,527,429,4,3
"core0_llc0_25_75","core0",4800,4812,0.25,14400,12776,-11.28,113,117,22,22
"core0_llc1_25_75","core0",4800,4746,-1.12,14400,12776,-11.28,120,128,19,24
"core0_llc2_25_75","core0",4800,4744,-1.17,14400,12776,-11.28,112,118,19,22
"core0_llc3_25_75","core0",4800,4836,0.76,14400,12777,-11.27,98,105,18,20
"core1_llc0_25_75","core1",4800,4780,-0.43,14400,12774,-11.29,102,108,19,20
"core1_llc1_25_75","core1",4800,4764,-0.75,14400,12771,-11.32,115,123,19,23
"core1_llc2_25_75","core1",4800,4768,-0.67,14400,12776,-11.28,117,130,20,24
"core1_llc3_25_75","core1",4800,4762,-0.79,14400,12778,-11.27,103,113,20,21
"core2_llc0_25_75","core2",4800,4871,1.47,14400,12776,-11.28,103,110,20,21
"core2_llc1_25_75","core2",4800,4790,-0.20,14400,12773,-11.30,117,122,21,23
"core2_llc2_25_75","core2",4800,4736,-1.33,14400,12776,-11.28,120,125,20,24
"core2_llc3_25_75","core2",4800,4847,0.99,14400,12777,-11.27,108,113,18,21
"core3_llc0_25_75","core3",4800,4765,-0.72,14400,12776,-11.28,110,115,20,22
"core3_llc1_25_75","core3",4800,4762,-0.79,14400,12776,-11.28,120,128,21,24
"core3_llc2_25_75","core3",4800,4755,-0.95,14400,12776,-11.28,113,120,17,22
"core3_llc3_25_75","core3",4800,4825,0.52,14400,12778,-11.26,103,107,19,20
"videoin_llc0_25_75","videoin",4800,4753,-0.99,14400,12768,-11.33,147,163,23,30
"videoin_llc1_25_75","videoin",4800,4952,3.16,14400,12770,-11.32,157,170,25,32
"videoin_llc2_25_75","videoin",4800,4801,0.01,14400,12769,-11.33,147,157,24,30
"videoin_llc3_25_75","videoin",4800,4636,-3.41,14400,12768,-11.33,133,148,22,28
"videoout_llc0_25_75","videoout",4800,4853,1.11,14400,1036,-92.80,158,254,17,3
"videoout_llc1_25_75","videoout",4800,4870,1.45,14400,945,-93.44,200,274,17,3
"videoout_llc2_25_75","videoout",4800,4689,-2.31,14400,871,-93.95,192,297,17,3
"videoout_llc3_25_75","videoout",4800,4726,-1.55,14400,950,-93.40,167,272,17,3
"vxd0_llc0_25_75","vxd0",6400,6365,-0.55,19200,16872,-12.13,136,139,26,34
"vxd0_llc1_25_75","vxd0",6400,6397,-0.04,19200,16874,-12.11,116,124,25,30
"vxd0_llc2_25_75","vxd0",6400,6436,0.57,19200,16871,-12.13,122,131,24,32
"vxd0_llc3_25_75","vxd0",6400,6470,1.10,19200,16855,-12.21,140,150,29,36
"vxd1_llc0_25_75","vxd1",6400,6285,-1.80,19200,16875,-12.11,134,142,26,34
"vxd1_llc1_25_75","vxd1",6400,6404,0.06,19200,16862,-12.18,118,126,23,30
"vxd1_llc2_25_75","vxd1",6400,6346,-0.84,19200,16867,-12.15,131,131,28,32
"vxd1_llc3_25_75","vxd1",6400,6406,0.10,19200,16873,-12.12,138,144,28,36
"vxe0_llc0_25_75","vxe0",4800,4871,1.48,14400,12774,-11.29,110,118,19,22
"vxe0_llc1_25_75","vxe0",4800,4893,1.93,14400,12763,-11.37,123,130,21,24
"vxe0_llc2_25_75","vxe0",4800,4830,0.63,14400,12774,-11.29,135,143,22,28
"vxe0_llc3_25_75","vxe0",4800,4789,-0.23,14400,12758,-11.40,157,168,25,32
"vxe1_llc0_25_75","vxe1",4800,4783,-0.35,14400,12770,-11.32,160,175,23,33
"vxe1_llc1_25_75","vxe1",4800,4760,-0.84,14400,12771,-11.31,137,150,20,28
"vxe1_llc2_25_75","vxe1",4800,4768,-0.67,14400,12772,-11.30,117,127,20,24
"vxe1_llc3_25_75","vxe1",4800,4814,0.30,14400,12776,-11.28,108,120,22,21
"vxe2_llc0_25_75","vxe2",2400,2341,-2.45,7200,7056,-2.00,128,142,13,16
"vxe2_llc1_25_75","vxe2",2400,2369,-1.28,7200,7203,0.04,145,150,13,17
"vxe2_llc2_25_75","vxe2",2400,2463,2.64,7200,7184,-0.22,155,168,16,17
"vxe2_llc3_25_75","vxe2",2400,2445,1.89,7200,6171,-14.29,180,210,17,17
"cpu0_llc0_50_50","cpu0",9600,0,-100.00,9600,0,-100.00,0,0,0,0
"cpu0_llc1_50_50","cpu0",9600,5715,-40.47,9600,5665,-40.99,227,185,13,13
"cpu0_llc2_50_50","cpu0",9600,5330,-44.48,9600,5220,-45.62,192,214,13,13
"cpu0_llc3_50_50","cpu0",9600,5862,-38.93,9600,5688,-40.75,200,182,13,13
"cpu1_llc0_50_50","cpu1",12800,12865,0.51,12800,12804,0.03,116,105,34,25
"cpu1_llc1_50_50","cpu1",12800,12805,0.04,12800,12829,0.22,94,91,27,21
"cpu1_llc2_50_50","cpu1",12800,12876,0.59,12800,12861,0.47,96,81,31,18
"cpu1_llc3_50_50","cpu1",12800,12679,-0.94,12800,12792,-0.06,101,95,31,22
"cpu2_llc0_50_50","cpu2",12800,12717,-0.65,12800,12697,-0.81,108,101,33,25
"cpu2_llc1_50_50","cpu2",12800,12781,-0.15,12800,12803,0.03,91,88,29,21
"cpu2_llc2_50_50","cpu2",12800,12726,-0.58,12800,12757,-0.33,91,78,30,18
"cpu2_llc3_50_50","cpu2",12800,12780,-0.16,12800,12826,0.20,98,92,29,22
"elf_llc0_50_50","elf",2400,2351,-2.05,2400,2355,-1.89,214,185,16,11
"elf_llc1_50_50","elf",2400,2388,-0.52,2400,2471,2.96,232,197,18,11
"elf_llc2_50_50","elf",2400,2396,-0.19,2400,2365,-1.44,230,187,16,11
"elf_llc3_50_50","elf",2400,2432,1.32,2400,2420,0.85,210,175,16,10
"gpu0_llc0_50_50","gpu0",12800,0,-100.00,12800,0,-100.00,0,0,0,0
"gpu0_llc1_50_50","gpu0",12800,12792,-0.06,12800,12714,-0.67,111,109,34,24
"gpu0_llc2_50_50","gpu0",12800,12801,0.01,12800,12830,0.23,115,114,34,26
"gpu0_llc3_50_50","gpu0",12800,12736,-0.50,12800,12644,-1.22,140,126,45,29
"gpu1_llc0_50_50","gpu1",12800,12658,-1.11,12800,12879,0.62,150,134,22,15
"gpu1_llc1_50_50","gpu1",12800,12667,-1.04,12800,12622,-1.39,138,111,20,13
"gpu1_llc2_50_50","gpu1",12800,12831,0.24,12800,12621,-1.40,150,126,23,14
"gpu1_llc3_50_50","gpu1",12800,12732,-0.53,12800,12874,0.58,158,135,25,16
"npu_llc0_50_50","npu",3200,3187,-0.39,3200,3186,-0.44,254,194,12,7
"npu_llc1_50_50","npu",3200,3170,-0.95,3200,3172,-0.88,219,179,11,7
"npu_llc2_50_50","npu",3200,3206,0.20,3200,3267,2.08,274,185,14,7
"npu_llc3_50_50","npu",3200,3092,-3.36,3200,3182,-0.56,235,200,12,7
"pcie0_llc0_50_50","pcie0",9600,9961,3.76,9600,9257,-3.57,646,375,2,3
"pcie0_llc1_50_50","pcie0",9600,9788,1.96,9600,9708,1.12,600,361,2,2
"pcie0_llc2_50_50","pcie0",9600,8520,-11.25,9600,9339,-2.72,591,369,2,2
"pcie0_llc3_50_50","pcie0",9600,9470,-1.35,9600,9591,-0.09,276,246,41,35
"pcie1_llc0_50_50","pcie1",9600,9642,0.43,9600,9480,-1.25,1035,1006,51,34
"pcie1_llc1_50_50","pcie1",9600,9554,-0.48,9600,9569,-0.33,1065,1070,57,30
"pcie1_llc2_50_50","pcie1",9600,9552,-0.50,9600,9565,-0.36,545,385,56,31
"pcie1_llc3_50_50","pcie1",9600,9496,-1.08,9600,9470,-1.35,579,580,50,35
"pcie2_llc0_50_50","pcie2",9600,9678,0.81,9600,7854,-18.19,2104,2879,64,35
"pcie2_llc1_50_50","pcie2",9600,9736,1.41,9600,6947,-27.63,1561,8045,64,31
"pcie2_llc2_50_50","pcie2",9600,9645,0.47,9600,9203,-4.13,1045,1621,64,32
"pcie2_llc3_50_50","pcie2",9600,9677,0.81,9600,7645,-20.37,2349,3348,64,37
"pcie3_llc0_50_50","pcie3",9600,9683,0.86,9600,9514,-0.89,574,348,55,36
"pcie3_llc1_50_50","pcie3",9600,9537,-0.66,9600,7704,-19.75,1692,2415,64,32
"pcie3_llc2_50_50","pcie3",9600,9564,-0.37,9600,9596,-0.04,729,745,54,34
"pcie3_llc3_50_50","pcie3",9600,9643,0.45,9600,9403,-2.05,656,416,52,38
"sata_llc0_50_50","sata",6400,6490,1.41,6400,6305,-1.48,222,188,9,7
"sata_llc1_50_50","sata",6400,6049,-5.48,6400,6551,2.36,210,171,9,6
"sata_llc2_50_50","sata",6400,6386,-0.22,6400,6697,4.64,238,178,9,7
"sata_llc3_50_50","sata",6400,6523,1.92,6400,6605,3.20,229,191,9,7
"startup_llc0_50_50","startup",3200,299,-90.65,3200,414,-87.07,475,332,33,33
"startup_llc1_50_50","startup",3200,299,-90.64,3200,414,-87.07,482,332,33,33
"startup_llc2_50_50","startup",3200,299,-90.64,3200,414,-87.07,455,332,33,33
"startup_llc3_50_50","startup",3200,299,-90.64,3200,414,-87.07,450,332,33,33
"usb0_llc0_50_50","usb0",4800,4649,-3.15,4800,4403,-8.27,876,379,5,2
"usb0_llc1_50_50","usb0",4800,5375,11.99,4800,4803,0.05,1044,394,5,2
"usb0_llc2_50_50","usb0",4800,4854,1.12,4800,4772,-0.59,1002,405,5,3
"usb0_llc3_50_50","usb0",4800,4844,0.91,4800,4905,2.19,837,429,5,3
"usb1_llc0_50_50","usb1",4800,5304,10.51,4800,4608,-4.00,879,379,5,2
"usb1_llc1_50_50","usb1",4800,5052,5.24,4800,4741,-1.23,849,390,5,2
"usb1_llc2_50_50","usb1",4800,4772,-0.59,4800,4618,-3.79,857,405,5,3
"usb1_llc3_50_50","usb1",4800,5202,8.37,4800,4833,0.69,1024,429,5,3
"core0_llc0_50_50","core0",9600,9572,-0.29,9600,9603,0.03,115,120,30,21
"core0_llc1_50_50","core0",9600,9552,-0.50,9600,9714,1.19,132,128,34,24
"core0_llc2_50_50","core0",9600,9481,-1.24,9600,9562,-0.39,115,120,31,22
"core0_llc3_50_50","core0",9600,9691,0.94,9600,9532,-0.71,110,107,32,20
"core1_llc0_50_50","core1",9600,9560,-0.42,9600,9750,1.56,123,110,35,20
"core1_llc1_50_50","core1",9600,9482,-1.23,9600,9556,-0.45,122,122,32,23
"core1_llc2_50_50","core1",9600,9573,-0.28,9600,9407,-2.01,125,125,33,24
"core1_llc3_50_50","core1",9600,9497,-1.07,9600,9530,-0.73,115,113,27,21
"core2_llc0_50_50","core2",9600,9451,-1.55,9600,9494,-1.10,113,108,29,20
"core2_llc1_50_50","core2",9600,9685,0.88,9600,9751,1.57,125,125,31,23
"core2_llc2_50_50","core2",9600,9702,1.06,9600,9609,0.09,132,127,33,24
"core2_llc3_50_50","core2",9600,9602,0.02,9600,9633,0.34,112,118,30,21
"core3_llc0_50_50","core3",9600,9522,-0.81,9600,9474,-1.31,117,115,29,22
"core3_llc1_50_50","core3",9600,9669,0.72,9600,9549,-0.53,127,128,32,24
"core3_llc2_50_50","core3",9600,9681,0.85,9600,9626,0.27,122,125,32,22
"core3_llc3_50_50","core3",9600,9587,-0.13,9600,9533,-0.69,108,107,28,20
"videoin_llc0_50_50","videoin",9600,9414,-1.93,9600,9658,0.61,153,155,35,29
"videoin_llc1_50_50","videoin",9600,9585,-0.15,9600,9671,0.74,168,168,44,32
"videoin_llc2_50_50","videoin",9600,9712,1.16,9600,9472,-1.33,153,157,38,30
"videoin_llc3_50_50","videoin",9600,9590,-0.11,9600,9670,0.73,143,145,38,27
"videoout_llc0_50_50","videoout",9600,8527,-11.17,9600,1035,-89.22,163,254,17,3
"videoout_llc1_50_50","videoout",9600,7636,-20.45,9600,945,-90.16,219,275,17,3
"videoout_llc2_50_50","videoout",9600,7132,-25.71,9600,870,-90.93,217,297,17,3
"videoout_llc3_50_50","videoout",9600,7843,-18.30,9600,948,-90.12,165,282,17,3
"vxd0_llc0_50_50","vxd0",12800,12832,0.25,12800,12787,-0.10,150,136,45,33
"vxd0_llc1_50_50","vxd0",12800,12700,-0.78,12800,12761,-0.31,125,130,39,30
"vxd0_llc2_50_50","vxd0",12800,12834,0.27,12800,12872,0.56,136,130,45,31
"vxd0_llc3_50_50","vxd0",12800,12797,-0.03,12800,12746,-0.42,152,145,45,35
"vxd1_llc0_50_50","vxd1",12800,12836,0.28,12800,12857,0.44,145,140,43,34
"vxd1_llc1_50_50","vxd1",12800,12810,0.08,12800,12820,0.16,131,122,37,30
"vxd1_llc2_50_50","vxd1",12800,12746,-0.42,12800,12790,-0.08,136,130,41,31
"vxd1_llc3_50_50","vxd1",12800,12660,-1.09,12800,12756,-0.34,150,141,46,35
"vxe0_llc0_50_50","vxe0",9600,9676,0.79,9600,12691,32.20,117,118,30,22
"vxe0_llc1_50_50","vxe0",9600,9580,-0.20,9600,9510,-0.94,128,128,34,24
"vxe0_llc2_50_50","vxe0",9600,9708,1.12,9600,9633,0.35,140,145,36,27
"vxe0_llc3_50_50","vxe0",9600,9649,0.51,9600,9541,-0.61,168,167,45,32
"vxe1_llc0_50_50","vxe1",19200,9498,-50.53,0,9613,100.00,172,170,42,33
"vxe1_llc1_50_50","vxe1",19200,9560,-50.21,0,9539,100.00,155,147,37,28
"vxe1_llc2_50_50","vxe1",19200,9501,-50.51,0,9600,100.00,127,123,36,24
"vxe1_llc3_50_50","vxe1",19200,9422,-50.93,0,9510,100.00,122,115,31,21
"vxe2_llc0_50_50","vxe2",4800,4795,-0.11,4800,4725,-1.56,148,137,20,16
"vxe2_llc1_50_50","vxe2",4800,4773,-0.57,4800,4775,-0.52,170,150,22,17
"vxe2_llc2_50_50","vxe2",4800,4780,-0.41,4800,4933,2.77,173,167,25,17
"vxe2_llc3_50_50","vxe2",4800,4809,0.19,4800,4747,-1.11,198,215,26,17
"cpu0_llc0_75_25","cpu0",14400,6388,-55.64,4800,4845,0.95,195,187,13,13
"cpu0_llc1_75_25","cpu0",14400,5765,-59.96,4800,4779,-0.44,224,202,13,13
"cpu0_llc2_75_25","cpu0",14400,5336,-62.95,4800,4741,-1.23,242,224,13,13
"cpu0_llc3_75_25","cpu0",14400,5857,-59.33,4800,4722,-1.63,200,207,13,13
"cpu1_llc0_75_25","cpu1",19200,19058,-0.74,6400,6440,0.62,135,96,49,21
"cpu1_llc1_75_25","cpu1",19200,19003,-1.03,6400,6410,0.15,111,78,43,18
"cpu1_llc2_75_25","cpu1",19200,19174,-0.14,6400,6340,-0.93,110,71,39,16
"cpu1_llc3_75_25","cpu1",19200,19260,0.31,6400,6332,-1.06,120,88,45,19
"cpu2_llc0_75_25","cpu2",19200,19123,-0.40,6400,6419,0.29,125,96,45,20
"cpu2_llc1_75_25","cpu2",19200,19021,-0.93,6400,6397,-0.05,122,79,43,18
"cpu2_llc2_75_25","cpu2",19200,19200,0.00,6400,6372,-0.43,106,72,40,16
"cpu2_llc3_75_25","cpu2",19200,19260,0.31,6400,6330,-1.10,115,85,43,19
"elf_llc0_75_25","elf",3600,3672,2.01,1200,1168,-2.67,287,183,21,10
"elf_llc1_75_25","elf",3600,3658,1.60,1200,1177,-1.92,299,192,21,11
"elf_llc2_75_25","elf",3600,3577,-0.63,1200,1194,-0.53,290,182,21,10
"elf_llc3_75_25","elf",3600,3592,-0.21,1200,1183,-1.44,290,170,21,10
"gpu0_llc0_75_25","gpu0",19200,19159,-0.21,6400,6442,0.66,150,111,54,22
"gpu0_llc1_75_25","gpu0",19200,19252,0.27,6400,6356,-0.69,154,95,56,21
"gpu0_llc2_75_25","gpu0",19200,19176,-0.12,6400,6353,-0.74,140,109,48,19
"gpu0_llc3_75_25","gpu0",19200,19186,-0.08,6400,6326,-1.16,174,116,61,26
"gpu1_llc0_75_25","gpu1",19200,19434,1.22,6400,6518,1.84,192,116,33,14
"gpu1_llc1_75_25","gpu1",19200,19623,2.20,6400,6432,0.50,175,102,31,12
"gpu1_llc2_75_25","gpu1",19200,18966,-1.22,6400,6196,-3.18,172,108,32,12
"gpu1_llc3_75_25","gpu1",19200,19216,0.08,6400,6396,-0.06,175,125,31,14
"npu_llc0_75_25","npu",4800,4842,0.88,1600,1582,-1.12,392,190,20,7
"npu_llc1_75_25","npu",4800,4670,-2.71,1600,1587,-0.80,358,174,18,6
"npu_llc2_75_25","npu",4800,4841,0.86,1600,1603,0.16,442,179,23,7
"npu_llc3_75_25","npu",4800,4732,-1.41,1600,1600,0.00,655,194,30,7
"pcie0_llc0_75_25","pcie0",14400,9185,-36.21,4800,16364,100.00,644,375,2,2
"pcie0_llc1_75_25","pcie0",14400,9871,-31.45,4800,16261,100.00,595,364,2,2
"pcie0_llc2_75_25","pcie0",14400,9813,-31.85,4800,16343,100.00,612,364,2,2
"pcie0_llc3_75_25","pcie0",14400,11855,-17.68,4800,10944,100.00,494,372,64,35
"pcie1_llc0_75_25","pcie1",14400,11618,-19.32,4800,4069,-15.23,1750,2830,64,34
"pcie1_llc1_75_25","pcie1",14400,12292,-14.64,4800,1491,-68.95,1774,1462,64,30
"pcie1_llc2_75_25","pcie1",14400,12379,-14.03,4800,1045,-78.23,1635,1825,64,31
"pcie1_llc3_75_25","pcie1",14400,11427,-20.64,4800,5359,11.64,1461,2602,64,35
"pcie2_llc0_75_25","pcie2",14400,12550,-12.85,4800,171,-96.44,1555,270,64,33
"pcie2_llc1_75_25","pcie2",14400,12462,-13.46,4800,538,-88.79,1770,1488,64,31
"pcie2_llc2_75_25","pcie2",14400,12273,-14.77,4800,1096,-77.16,1714,2432,64,32
"pcie2_llc3_75_25","pcie2",14400,10252,-28.80,4800,4162,-13.29,2149,3381,64,37
"pcie3_llc0_75_25","pcie3",14400,11963,-16.93,4800,4025,-16.15,1650,396,64,37
"pcie3_llc1_75_25","pcie3",14400,11580,-19.58,4800,5752,19.84,1818,4361,64,32
"pcie3_llc2_75_25","pcie3",14400,11099,-22.92,4800,3416,-28.83,1539,2185,64,34
"pcie3_llc3_75_25","pcie3",14400,12340,-14.30,4800,1506,-68.63,1760,378,64,38
"sata_llc0_75_25","sata",9600,9500,-1.04,3200,2506,-21.68,250,182,9,7
"sata_llc1_75_25","sata",9600,9883,2.95,3200,2458,-23.20,259,166,9,6
"sata_llc2_75_25","sata",9600,9531,-0.72,3200,2286,-28.56,244,171,9,6
"sata_llc3_75_25","sata",9600,12782,33.14,3200,10225,100.00,253,186,9,7
"startup_llc0_75_25","startup",4800,299,-93.77,1600,414,-74.14,544,332,33,33
"startup_llc1_75_25","startup",4800,299,-93.76,1600,414,-74.14,519,332,33,33
"startup_llc2_75_25","startup",4800,299,-93.76,1600,414,-74.14,500,332,33,33
"startup_llc3_75_25","startup",4800,299,-93.76,1600,414,-74.13,487,332,33,33
"usb0_llc0_75_25","usb0",7200,7372,2.39,2400,2376,-1.01,1713,379,5,2
"usb0_llc1_75_25","usb0",7200,7226,0.37,2400,2365,-1.44,984,390,5,2
"usb0_llc2_75_25","usb0",7200,7392,2.67,2400,2222,-7.41,1036,404,5,3
"usb0_llc3_75_25","usb0",7200,6942,-3.58,2400,2437,1.55,971,429,5,3
"usb1_llc0_75_25","usb1",7200,7276,1.05,2400,2324,-3.15,1384,374,5,2
"usb1_llc1_75_25","usb1",7200,6743,-6.35,2400,2570,7.09,1066,387,5,2
"usb1_llc2_75_25","usb1",7200,7182,-0.25,2400,2314,-3.57,1133,400,5,3
"usb1_llc3_75_25","usb1",7200,7448,3.45,2400,2488,3.68,984,429,5,3
"core0_llc0_75_25","core0",14400,14419,0.13,4800,4762,-0.79,152,110,45,20
"core0_llc1_75_25","core0",14400,14320,-0.56,4800,4868,1.43,175,127,48,22
"core0_llc2_75_25","core0",14400,14473,0.51,4800,4741,-1.23,150,113,42,20
"core0_llc3_75_25","core0",14400,14444,0.30,4800,4813,0.28,152,102,42,17
"core1_llc0_75_25","core1",14400,14396,-0.03,4800,4712,-1.83,147,102,40,17
"core1_llc1_75_25","core1",14400,14335,-0.45,4800,4764,-0.75,152,117,41,19
"core1_llc2_75_25","core1",14400,14466,0.46,4800,4824,0.51,163,125,47,20
"core1_llc3_75_25","core1",14400,14438,0.27,4800,4803,0.05,143,110,41,19
"core2_llc0_75_25","core2",14400,14341,-0.41,4800,4829,0.60,145,105,40,19
"core2_llc1_75_25","core2",14400,14350,-0.34,4800,4828,0.59,150,115,43,21
"core2_llc2_75_25","core2",14400,14618,1.52,4800,4774,-0.55,165,123,44,19
"core2_llc3_75_25","core2",14400,14366,-0.24,4800,4715,-1.77,148,110,44,19
"core3_llc0_75_25","core3",14400,14240,-1.11,4800,4865,1.36,150,112,43,20
"core3_llc1_75_25","core3",14400,14347,-0.37,4800,4841,0.85,167,125,45,21
"core3_llc2_75_25","core3",14400,14241,-1.10,4800,4916,2.43,148,115,41,21
"core3_llc3_75_25","core3",14400,14310,-0.63,4800,4817,0.36,138,102,39,16
"videoin_llc0_75_25","videoin",14400,14467,0.46,4800,4797,-0.05,200,150,54,23
"videoin_llc1_75_25","videoin",14400,14258,-0.99,4800,4762,-0.80,215,160,62,24
"videoin_llc2_75_25","videoin",14400,14350,-0.35,4800,4846,0.96,185,155,51,26
"videoin_llc3_75_25","videoin",14400,14141,-1.80,4800,4708,-1.91,170,142,47,21
"videoout_llc0_75_25","videoout",14400,8532,-40.75,4800,1036,-78.43,168,254,17,3
"videoout_llc1_75_25","videoout",14400,7626,-47.04,4800,945,-80.32,224,274,17,3
"videoout_llc2_75_25","videoout",14400,7132,-50.47,4800,870,-81.87,215,297,17,3
"videoout_llc3_75_25","videoout",14400,7849,-45.50,4800,948,-80.24,200,277,17,3
"vxd0_llc0_75_25","vxd0",19200,19045,-0.81,6400,6460,0.94,164,126,60,25
"vxd0_llc1_75_25","vxd0",19200,19189,-0.06,6400,6326,-1.15,149,115,57,23
"vxd0_llc2_75_25","vxd0",19200,19222,0.12,6400,6467,1.05,169,118,60,23
"vxd0_llc3_75_25","vxd0",19200,19260,0.31,6400,6388,-0.18,170,132,64,28
"vxd1_llc0_75_25","vxd1",19200,19174,-0.13,6400,6364,-0.56,168,130,63,26
"vxd1_llc1_75_25","vxd1",19200,19142,-0.30,6400,6413,0.20,159,112,57,25
"vxd1_llc2_75_25","vxd1",19200,19312,0.58,6400,6458,0.90,161,120,56,25
"vxd1_llc3_75_25","vxd1",19200,19220,0.10,6400,6321,-1.23,176,136,64,27
"vxe0_llc0_75_25","vxe0",14400,14341,-0.41,4800,4738,-1.29,153,113,40,18
"vxe0_llc1_75_25","vxe0",14400,14526,0.88,4800,4764,-0.75,168,128,45,20
"vxe0_llc2_75_25","vxe0",14400,14368,-0.22,4800,4739,-1.27,183,142,52,22
"vxe0_llc3_75_25","vxe0",14400,14372,-0.20,4800,4800,0.00,215,163,59,24
"vxe1_llc0_75_25","vxe1",14400,14509,0.76,4800,4801,0.03,207,167,60,24
"vxe1_llc1_75_25","vxe1",14400,14293,-0.74,4800,4705,-1.97,185,145,52,22
"vxe1_llc2_75_25","vxe1",14400,14543,0.99,4800,4753,-0.99,158,120,46,20
"vxe1_llc3_75_25","vxe1",14400,14519,0.83,4800,4767,-0.68,147,108,42,19
"vxe2_llc0_75_25","vxe2",7200,7167,-0.45,2400,2389,-0.45,193,135,29,15
"vxe2_llc1_75_25","vxe2",7200,7123,-1.07,2400,2402,0.08,193,147,29,15
"vxe2_llc2_75_25","vxe2",7200,7251,0.71,2400,2474,3.09,225,158,34,15
"vxe2_llc3_75_25","vxe2",7200,7293,1.29,2400,2408,0.32,285,187,43,17
"cpu0_llc0_100_0","cpu0",19200,6410,-66.62,0,0,0.00,208,0,13,0
"cpu0_llc1_100_0","cpu0",19200,5821,-69.68,0,0,0.00,240,0,13,0
"cpu0_llc2_100_0","cpu0",19200,5370,-72.03,0,0,0.00,235,0,13,0
"cpu0_llc3_100_0","cpu0",19200,5898,-69.28,0,0,0.00,230,0,13,0
"cpu1_llc0_100_0","cpu1",25600,24796,-3.14,0,0,0.00,145,0,49,0
"cpu1_llc1_100_0","cpu1",25600,24800,-3.12,0,0,0.00,135,0,46,0
"cpu1_llc2_100_0","cpu1",25600,24861,-2.89,0,0,0.00,115,0,38,0
"cpu1_llc3_100_0","cpu1",25600,24758,-3.29,0,0,0.00,150,0,49,0
"cpu2_llc0_100_0","cpu2",25600,24779,-3.21,0,0,0.00,145,0,49,0
"cpu2_llc1_100_0","cpu2",25600,24806,-3.10,0,0,0.00,135,0,46,0
"cpu2_llc2_100_0","cpu2",25600,24740,-3.36,0,0,0.00,119,0,38,0
"cpu2_llc3_100_0","cpu2",25600,24751,-3.32,0,0,0.00,150,0,49,0
"elf_llc0_100_0","elf",4800,4790,-0.21,0,0,0.00,349,0,21,0
"elf_llc1_100_0","elf",4800,4789,-0.22,0,0,0.00,389,0,21,0
"elf_llc2_100_0","elf",4800,4790,-0.21,0,0,0.00,369,0,21,0
"elf_llc3_100_0","elf",4800,4790,-0.20,0,0,0.00,360,0,21,0
"gpu0_llc0_100_0","gpu0",25600,24004,-6.24,0,0,0.00,194,0,64,0
"gpu0_llc1_100_0","gpu0",25600,23985,-6.31,0,0,0.00,179,0,57,0
"gpu0_llc2_100_0","gpu0",25600,23921,-6.56,0,0,0.00,192,0,61,0
"gpu0_llc3_100_0","gpu0",25600,24043,-6.08,0,0,0.00,199,0,64,0
"gpu1_llc0_100_0","gpu1",25600,25563,-0.14,0,0,0.00,168,0,33,0
"gpu1_llc1_100_0","gpu1",25600,25415,-0.72,0,0,0.00,148,0,29,0
"gpu1_llc2_100_0","gpu1",25600,25277,-1.26,0,0,0.00,158,0,31,0
"gpu1_llc3_100_0","gpu1",25600,25569,-0.12,0,0,0.00,168,0,33,0
"npu_llc0_100_0","npu",6400,6388,-0.19,0,0,0.00,739,0,33,0
"npu_llc1_100_0","npu",6400,6381,-0.30,0,0,0.00,898,0,33,0
"npu_llc2_100_0","npu",6400,6381,-0.30,0,0,0.00,1289,0,33,0
"npu_llc3_100_0","npu",6400,6387,-0.21,0,0,0.00,1222,0,33,0
"pcie0_llc0_100_0","pcie0",19200,10990,-42.76,0,0,0.00,518,0,2,0
"pcie0_llc1_100_0","pcie0",19200,11919,-37.92,0,0,0.00,472,0,2,0
"pcie0_llc2_100_0","pcie0",19200,11606,-39.55,0,0,0.00,489,0,2,0
"pcie0_llc3_100_0","pcie0",19200,12785,-33.41,0,0,0.00,705,0,64,0
"pcie1_llc0_100_0","pcie1",19200,12785,-33.41,0,0,0.00,824,0,64,0
"pcie1_llc1_100_0","pcie1",19200,12788,-33.40,0,0,0.00,939,0,64,0
"pcie1_llc2_100_0","pcie1",19200,12786,-33.41,0,0,0.00,869,0,64,0
"pcie1_llc3_100_0","pcie1",19200,12785,-33.41,0,0,0.00,1074,0,64,0
"pcie2_llc0_100_0","pcie2",19200,5284,-72.48,0,0,0.00,560,0,2,0
"pcie2_llc1_100_0","pcie2",19200,12787,-33.40,0,0,0.00,1179,0,64,0
"pcie2_llc2_100_0","pcie2",19200,12786,-33.41,0,0,0.00,774,0,64,0
"pcie2_llc3_100_0","pcie2",19200,12784,-33.42,0,0,0.00,1104,0,64,0
"pcie3_llc0_100_0","pcie3",19200,12784,-33.42,0,0,0.00,1209,0,64,0
"pcie3_llc1_100_0","pcie3",19200,12786,-33.41,0,0,0.00,944,0,64,0
"pcie3_llc2_100_0","pcie3",19200,12785,-33.41,0,0,0.00,1014,0,64,0
"pcie3_llc3_100_0","pcie3",19200,12783,-33.42,0,0,0.00,1034,0,64,0
"sata_llc0_100_0","sata",12800,12783,-0.13,0,0,0.00,230,0,9,0
"sata_llc1_100_0","sata",12800,12783,-0.13,0,0,0.00,255,0,9,0
"sata_llc2_100_0","sata",12800,12783,-0.13,0,0,0.00,245,0,9,0
"sata_llc3_100_0","sata",12800,12782,-0.14,0,0,0.00,229,0,9,0
"startup_llc0_100_0","startup",6400,299,-95.32,0,0,0.00,544,0,33,0
"startup_llc1_100_0","startup",6400,299,-95.32,0,0,0.00,519,0,33,0
"startup_llc2_100_0","startup",6400,299,-95.32,0,0,0.00,500,0,33,0
"startup_llc3_100_0","startup",6400,299,-95.32,0,0,0.00,487,0,33,0
"usb0_llc0_100_0","usb0",9600,9554,-0.48,0,0,0.00,924,0,5,0
"usb0_llc1_100_0","usb0",9600,9548,-0.54,0,0,0.00,917,0,5,0
"usb0_llc2_100_0","usb0",9600,9546,-0.56,0,0,0.00,964,0,5,0
"usb0_llc3_100_0","usb0",9600,9552,-0.50,0,0,0.00,877,0,5,0
"usb1_llc0_100_0","usb1",9600,9550,-0.52,0,0,0.00,944,0,5,0
"usb1_llc1_100_0","usb1",9600,9542,-0.61,0,0,0.00,924,0,5,0
"usb1_llc2_100_0","usb1",9600,9547,-0.56,0,0,0.00,977,0,5,0
"usb1_llc3_100_0","usb1",9600,9548,-0.54,0,0,0.00,911,0,5,0
"core0_llc0_100_0","core0",19200,19166,-0.17,0,0,0.00,227,0,64,0
"core0_llc1_100_0","core0",19200,19163,-0.19,0,0,0.00,242,0,64,0
"core0_llc2_100_0","core0",19200,19164,-0.19,0,0,0.00,245,0,64,0
"core0_llc3_100_0","core0",19200,19168,-0.17,0,0,0.00,225,0,64,0
"core1_llc0_100_0","core1",19200,19168,-0.17,0,0,0.00,220,0,64,0
"core1_llc1_100_0","core1",19200,19160,-0.21,0,0,0.00,232,0,64,0
"core1_llc2_100_0","core1",19200,19161,-0.20,0,0,0.00,219,0,64,0
"core1_llc3_100_0","core1",19200,19167,-0.17,0,0,0.00,239,0,64,0
"core2_llc0_100_0","core2",19200,19165,-0.18,0,0,0.00,240,0,64,0
"core2_llc1_100_0","core2",19200,19166,-0.18,0,0,0.00,237,0,64,0
"core2_llc2_100_0","core2",19200,19164,-0.19,0,0,0.00,215,0,64,0
"core2_llc3_100_0","core2",19200,19164,-0.19,0,0,0.00,239,0,64,0
"core3_llc0_100_0","core3",19200,19166,-0.18,0,0,0.00,239,0,64,0
"core3_llc1_100_0","core3",19200,19164,-0.19,0,0,0.00,225,0,64,0
"core3_llc2_100_0","core3",19200,19166,-0.18,0,0,0.00,239,0,64,0
"core3_llc3_100_0","core3",19200,19169,-0.16,0,0,0.00,235,0,64,0
"videoin_llc0_100_0","videoin",19200,19159,-0.21,0,0,0.00,229,0,64,0
"videoin_llc1_100_0","videoin",19200,19157,-0.23,0,0,0.00,219,0,64,0
"videoin_llc2_100_0","videoin",19200,19157,-0.22,0,0,0.00,224,0,64,0
"videoin_llc3_100_0","videoin",19200,19161,-0.20,0,0,0.00,234,0,64,0
"videoout_llc0_100_0","videoout",19200,8545,-55.50,0,0,0.00,210,0,17,0
"videoout_llc1_100_0","videoout",19200,7762,-59.57,0,0,0.00,214,0,17,0
"videoout_llc2_100_0","videoout",19200,7158,-62.72,0,0,0.00,249,0,17,0
"videoout_llc3_100_0","videoout",19200,7864,-59.04,0,0,0.00,219,0,17,0
"vxd0_llc0_100_0","vxd0",25600,24727,-3.41,0,0,0.00,184,0,64,0
"vxd0_llc1_100_0","vxd0",25600,24804,-3.11,0,0,0.00,184,0,64,0
"vxd0_llc2_100_0","vxd0",25600,24732,-3.39,0,0,0.00,184,0,64,0
"vxd0_llc3_100_0","vxd0",25600,24774,-3.22,0,0,0.00,184,0,64,0
"vxd1_llc0_100_0","vxd1",25600,24790,-3.16,0,0,0.00,184,0,64,0
"vxd1_llc1_100_0","vxd1",25600,24764,-3.27,0,0,0.00,186,0,64,0
"vxd1_llc2_100_0","vxd1",25600,24772,-3.24,0,0,0.00,186,0,64,0
"vxd1_llc3_100_0","vxd1",25600,24775,-3.22,0,0,0.00,186,0,64,0
"vxe0_llc0_100_0","vxe0",19200,19166,-0.18,0,0,0.00,235,0,64,0
"vxe0_llc1_100_0","vxe0",19200,19164,-0.19,0,0,0.00,232,0,64,0
"vxe0_llc2_100_0","vxe0",19200,19162,-0.20,0,0,0.00,229,0,64,0
"vxe0_llc3_100_0","vxe0",19200,19155,-0.24,0,0,0.00,222,0,64,0
"vxe1_llc0_100_0","vxe1",19200,19156,-0.23,0,0,0.00,225,0,64,0
"vxe1_llc1_100_0","vxe1",19200,19161,-0.21,0,0,0.00,225,0,64,0
"vxe1_llc2_100_0","vxe1",19200,19164,-0.19,0,0,0.00,229,0,64,0
"vxe1_llc3_100_0","vxe1",19200,19166,-0.17,0,0,0.00,240,0,64,0
"vxe2_llc0_100_0","vxe2",9600,9582,-0.19,0,0,0.00,330,0,49,0
"vxe2_llc1_100_0","vxe2",9600,9580,-0.21,0,0,0.00,340,0,49,0
"vxe2_llc2_100_0","vxe2",9600,9580,-0.21,0,0,0.00,365,0,49,0
"vxe2_llc3_100_0","vxe2",9600,9577,-0.24,0,0,0.00,367,0,49,0
