date,price
2001-01-05,6198.1
2001-01-08,6149.6
2001-01-09,6088.1
2001-01-10,6060.6
2001-01-11,6114.9
2001-01-12,6165.5
2001-01-15,6170.3
2001-01-16,6083.3
2001-01-17,6197.4
2001-01-18,6209.9
2001-01-19,6209.3
2001-01-22,6232.0
2001-01-23,6214.7
2001-01-24,6264.4
2001-01-25,6255.6
2001-01-26,6294.3
2001-01-29,6317.0
2001-01-30,6334.5
2001-01-31,6297.5
2001-02-01,6251.8
2001-02-02,6256.4
2001-02-05,6269.2
2001-02-06,6293.4
2001-02-07,6225.6
2001-02-08,6206.1
2001-02-09,6164.3
2001-02-12,6241.4
2001-02-13,6228.5
2001-02-14,6176.2
2001-02-15,6197.9
2001-02-16,6088.3
2001-02-19,6094.0
2001-02-20,5980.1
2001-02-21,5972.4
2001-02-22,6003.1
2001-02-23,5943.7
2001-02-26,5916.7
2001-02-27,5941.2
2001-02-28,5917.9
2001-03-01,5908.6
2001-03-02,5858.6
2001-03-05,5931.3
2001-03-06,6012.0
2001-03-07,6001.8
2001-03-08,6003.2
2001-03-09,5917.3
2001-03-12,5826.5
2001-03-13,5720.7
2001-03-14,5625.9
2001-03-15,5729.2
2001-03-16,5562.8
2001-03-19,5551.6
2001-03-20,5646.8
2001-03-21,5540.7
2001-03-22,5314.8
2001-03-23,5402.3
2001-03-26,5576.6
2001-03-27,5728.1
2001-03-28,5614.0
2001-03-29,5588.4
2001-03-30,5633.7
2001-04-02,5618.5
2001-04-03,5463.1
2001-04-04,5535.7
2001-04-05,5621.8
2001-04-06,5601.5
2001-04-09,5663.3
2001-04-10,5803.0
2001-04-11,5788.1
2001-04-12,5766.6
2001-04-17,5761.1
2001-04-18,5890.2
2001-04-19,5871.6
2001-04-20,5879.8
2001-04-23,5871.3
2001-04-24,5840.3
2001-04-25,5827.5
2001-04-26,5868.3
2001-04-27,5951.4
2001-04-30,5966.9
2001-05-01,5928.0
2001-05-02,5904.2
2001-05-03,5765.8
2001-05-04,5870.3
2001-05-08,5886.4
2001-05-09,5893.7
2001-05-10,5964.0
2001-05-11,5896.8
2001-05-14,5690.5
2001-05-15,5842.9
2001-05-16,5884.0
2001-05-17,5904.5
2001-05-18,5915.0
2001-05-21,5941.6
2001-05-22,5976.6
2001-05-23,5897.4
2001-05-24,5915.9
2001-05-25,5889.8
2001-05-29,5863.9
2001-05-30,5796.9
2001-05-31,5796.1
2001-06-01,5809.6
2001-06-04,5856.5
2001-06-05,5922.5
2001-06-06,5901.5
2001-06-07,5948.3
2001-06-08,5950.6
2001-06-11,5860.5
2001-06-12,5804.0
2001-06-13,5820.2
2001-06-14,5752.5
2001-06-15,5723.0
2001-06-18,5671.6
2001-06-19,5680.4
2001-06-20,5699.6
2001-06-21,5641.4
2001-06-22,5665.7
2001-06-25,5661.9
2001-06-26,5555.7
2001-06-27,5607.9
2001-06-28,5638.4
2001-06-29,5642.5
2001-07-02,5716.7
2001-07-03,5639.9
2001-07-04,5600.5
2001-07-05,5549.6
2001-07-06,5479.2
2001-07-09,5468.9
2001-07-10,5467.9
2001-07-11,5391.9
2001-07-12,5481.6
2001-07-13,5537.0
2001-07-16,5517.1
2001-07-17,5427.8
2001-07-18,5404.6
2001-07-19,5437.4
2001-07-20,5387.1
2001-07-23,5405.3
2001-07-24,5320.2
2001-07-25,5275.7
2001-07-26,5286.1
2001-07-27,5403.1
2001-07-30,5446.7
2001-07-31,5529.1
2001-08-01,5546.9
2001-08-02,5584.5
2001-08-03,5547.6
2001-08-06,5526.4
2001-08-07,5536.8
2001-08-08,5476.5
2001-08-09,5402.9
2001-08-10,5427.2
2001-08-13,5431.1
2001-08-14,5507.8
2001-08-15,5461.6
2001-08-16,5389.8
2001-08-17,5342.1
2001-08-20,5357.4
2001-08-21,5430.3
2001-08-22,5408.7
2001-08-23,5396.5
2001-08-24,5471.9
2001-08-28,5434.7
2001-08-29,5417.6
2001-08-30,5332.7
2001-08-31,5345.0
2001-09-03,5312.1
2001-09-04,5379.6
2001-09-05,5316.0
2001-09-06,5204.3
2001-09-07,5070.3
2001-09-10,5033.7
2001-09-12,4882.1
2001-09-13,4943.6
2001-09-14,4755.7
2001-09-17,4898.9
2001-09-18,4848.7
2001-09-19,4721.7
2001-09-20,4556.9
2001-09-21,4433.7
2001-09-24,4613.9
2001-09-25,4663.4
2001-09-26,4696.1
2001-09-27,4763.6
2001-09-28,4903.4
2001-10-01,4785.6
2001-10-02,4832.3
2001-10-03,4881.8
2001-10-04,5016.2
2001-10-05,5036.0
2001-10-08,5032.7
2001-10-09,5009.8
2001-10-10,5153.1
2001-10-11,5164.9
2001-10-12,5145.5
2001-10-15,5067.3
2001-10-16,5082.6
2001-10-17,5203.4
2001-10-18,5116.0
2001-10-19,5017.7
2001-10-22,5070.4
2001-10-23,5193.3
2001-10-24,5167.6
2001-10-25,5086.6
2001-10-26,5188.6
2001-10-29,5085.9
2001-10-30,5003.6
2001-10-31,5039.7
2001-11-01,5071.2
2001-11-02,5129.5
2001-11-05,5209.1
2001-11-06,5214.1
2001-11-07,5216.3
2001-11-08,5278.1
2001-11-09,5244.2
2001-11-12,5146.2
2001-11-13,5277.1
2001-11-14,5240.7
2001-11-15,5238.2
2001-11-16,5291.0
2001-11-19,5338.0
2001-11-20,5298.7
2001-11-21,5313.8
2001-11-22,5345.9
2001-11-23,5293.2
2001-11-26,5302.5
2001-11-27,5266.0
2001-11-28,5205.2
2001-11-29,5208.5
2001-11-30,5203.6
2001-12-03,5164.6
2001-12-04,5212.1
2001-12-05,5333.5
2001-12-06,5369.8
2001-12-07,5264.7
2001-12-10,5185.0
2001-12-11,5160.8
2001-12-12,5120.0
2001-12-13,5074.9
2001-12-14,5061.0
2001-12-17,5136.3
2001-12-18,5151.1
2001-12-19,5120.6
2001-12-20,5080.2
2001-12-21,5159.2
2001-12-24,5177.4
2001-12-27,5213.2
2001-12-28,5242.4
2001-12-31,5217.4
2002-01-02,5218.3
2002-01-03,5318.8
2002-01-04,5323.8
2002-01-07,5293.6
2002-01-08,5250.4
2002-01-09,5228.5
2002-01-10,5190.7
2002-01-11,5198.6
2002-01-14,5113.5
2002-01-15,5166.0
2002-01-16,5127.6
2002-01-17,5138.4
2002-01-18,5126.8
2002-01-21,5138.5
2002-01-22,5149.2
2002-01-23,5180.6
2002-01-24,5233.1
2002-01-25,5193.0
2002-01-28,5223.6
2002-01-29,5131.4
2002-01-30,5089.3
2002-01-31,5164.8
2002-02-01,5189.7
2002-02-04,5167.3
2002-02-05,5093.4
2002-02-06,5073.8
2002-02-07,5127.0
2002-02-08,5128.1
2002-02-11,5161.8
2002-02-12,5135.7
2002-02-13,5153.9
2002-02-14,5208.7
2002-02-15,5182.5
2002-02-18,5154.3
2002-02-19,5092.5
2002-02-20,5024.1
2002-02-21,5073.3
2002-02-22,5050.8
2002-02-25,5100.7
2002-02-26,5139.0
2002-02-27,5178.4
2002-02-28,5101.0
2002-03-01,5169.0
2002-03-04,5242.0
2002-03-05,5214.0
2002-03-06,5245.5
2002-03-07,5282.1
2002-03-08,5285.7
2002-03-11,5258.9
2002-03-12,5252.5
2002-03-13,5272.0
2002-03-14,5261.4
2002-03-15,5292.7
2002-03-18,5299.9
2002-03-19,5316.1
2002-03-20,5266.9
2002-03-21,5253.3
2002-03-22,5250.5
2002-03-25,5203.6
2002-03-26,5195.5
2002-03-27,5214.7
2002-03-28,5271.8
2002-04-02,5251.4
2002-04-03,5247.8
2002-04-04,5209.5
2002-04-05,5233.6
2002-04-08,5178.6
2002-04-09,5179.6
2002-04-10,5229.1
2002-04-11,5137.4
2002-04-12,5161.0
2002-04-15,5201.4
2002-04-16,5259.9
2002-04-17,5263.9
2002-04-18,5229.4
2002-04-19,5243.6
2002-04-22,5221.5
2002-04-23,5191.0
2002-04-24,5218.2
2002-04-25,5197.5
2002-04-26,5159.0
2002-04-29,5153.9
2002-04-30,5165.6
2002-05-01,5125.5
2002-05-02,5174.1
2002-05-03,5203.1
2002-05-07,5119.9
2002-05-08,5209.1
2002-05-09,5197.6
2002-05-10,5171.2
2002-05-13,5204.8
2002-05-14,5239.5
2002-05-15,5259.1
2002-05-16,5248.5
2002-05-17,5218.0
2002-05-20,5208.1
2002-05-21,5197.2
2002-05-22,5151.9
2002-05-23,5175.3
2002-05-24,5169.1
2002-05-27,5136.3
2002-05-28,5074.2
2002-05-29,5083.0
2002-05-30,5040.8
2002-05-31,5085.1
2002-06-05,4989.1
2002-06-06,4957.6
2002-06-07,4920.4
2002-06-10,4928.2
2002-06-11,4934.8
2002-06-12,4851.7
2002-06-13,4771.9
2002-06-14,4630.8
2002-06-17,4756.8
2002-06-18,4702.0
2002-06-19,4652.4
2002-06-20,4580.3
2002-06-21,4605.3
2002-06-24,4541.9
2002-06-25,4631.0
2002-06-26,4531.0
2002-06-27,4540.6
2002-06-28,4656.4
2002-07-01,4685.8
2002-07-02,4546.8
2002-07-03,4392.6
2002-07-04,4471.2
2002-07-05,4615.6
2002-07-08,4601.3
2002-07-09,4542.9
2002-07-10,4420.1
2002-07-11,4230.0
2002-07-12,4224.1
2002-07-15,3994.5
2002-07-16,4021.9
2002-07-17,4190.6
2002-07-18,4297.3
2002-07-19,4098.3
2002-07-22,3895.5
2002-07-23,3858.0
2002-07-24,3777.1
2002-07-25,3965.9
2002-07-26,4016.6
2002-07-29,4202.7
2002-07-30,4180.9
2002-07-31,4246.2
2002-08-01,4044.5
2002-08-02,4075.5
2002-08-05,3996.4
2002-08-06,4131.0
2002-08-07,4094.4
2002-08-08,4240.5
2002-08-09,4322.4
2002-08-12,4221.6
2002-08-13,4271.7
2002-08-14,4171.1
2002-08-15,4327.5
2002-08-16,4330.0
2002-08-19,4426.8
2002-08-20,4368.9
2002-08-21,4364.8
2002-08-22,4434.7
2002-08-23,4389.8
2002-08-27,4449.7
2002-08-28,4274.0
2002-08-29,4209.3
2002-08-30,4227.3
2002-09-02,4180.9
2002-09-03,4028.6
2002-09-04,4026.9
2002-09-05,4011.0
2002-09-06,4107.2
2002-09-09,4062.4
2002-09-10,4175.5
2002-09-11,4210.7
2002-09-12,4084.9
2002-09-13,4008.0
2002-09-16,4044.3
2002-09-17,4025.1
2002-09-18,3865.4
2002-09-19,3813.5
2002-09-20,3860.1
2002-09-23,3739.4
2002-09-24,3671.1
2002-09-25,3696.2
2002-09-26,3850.6
2002-09-27,3907.2
2002-09-30,3721.8
2002-10-01,3797.4
2002-10-02,3905.2
2002-10-03,3880.3
2002-10-04,3813.8
2002-10-07,3780.9
2002-10-08,3730.5
2002-10-09,3742.4
2002-10-10,3777.3
2002-10-11,3953.4
2002-10-14,3931.6
2002-10-15,4130.3
2002-10-16,4057.7
2002-10-17,4170.7
2002-10-18,4130.5
2002-10-21,4133.8
2002-10-22,4118.9
2002-10-23,4006.9
2002-10-24,4103.7
2002-10-25,4051.1
2002-10-28,4090.5
2002-10-29,3935.9
2002-10-30,4002.7
2002-10-31,4039.7
2002-11-01,3997.0
2002-11-04,4141.5
2002-11-05,4146.1
2002-11-06,4103.7
2002-11-07,4081.3
2002-11-08,4034.6
2002-11-11,4015.6
2002-11-12,4085.0
2002-11-13,4029.4
2002-11-14,4053.1
2002-11-15,4091.6
2002-11-18,4116.0
2002-11-19,4096.5
2002-11-20,4094.9
2002-11-21,4190.0
2002-11-22,4175.2
2002-11-25,4122.2
2002-11-26,4071.0
2002-11-27,4144.2
2002-11-28,4185.4
2002-11-29,4169.4
2002-12-02,4154.3
2002-12-03,4075.4
2002-12-04,4048.6
2002-12-05,4032.4
2002-12-06,4013.5
2002-12-09,3933.9
2002-12-10,3925.0
2002-12-11,3974.9
2002-12-12,3935.3
2002-12-13,3878.1
2002-12-16,3984.0
2002-12-17,3908.7
2002-12-18,3835.2
2002-12-19,3841.4
2002-12-20,3889.9
2002-12-23,3936.9
2002-12-24,3942.1
2002-12-27,3829.4
2002-12-30,3900.6
2002-12-31,3940.4
2003-01-02,4009.5
2003-01-03,4004.9
2003-01-06,4001.4
2003-01-07,3957.4
2003-01-08,3924.8
2003-01-09,3934.0
2003-01-10,3974.1
2003-01-13,3948.3
2003-01-14,3945.6
2003-01-15,3887.8
2003-01-16,3881.8
2003-01-17,3820.6
2003-01-20,3778.6
2003-01-21,3736.7
2003-01-22,3678.0
2003-01-23,3622.2
2003-01-24,3603.7
2003-01-27,3480.8
2003-01-28,3490.0
2003-01-29,3483.8
2003-01-30,3578.7
2003-01-31,3567.4
2003-02-03,3689.4
2003-02-04,3590.1
2003-02-05,3678.7
2003-02-06,3597.0
2003-02-07,3599.2
2003-02-10,3579.1
2003-02-11,3669.2
2003-02-12,3616.1
2003-02-13,3610.8
2003-02-14,3611.9
2003-02-17,3692.4
2003-02-18,3729.5
2003-02-19,3658.3
2003-02-20,3687.2
2003-02-21,3727.1
2003-02-24,3701.8
2003-02-25,3621.5
2003-02-26,3593.3
2003-02-27,3569.9
2003-02-28,3655.6
2003-03-03,3684.7
2003-03-04,3625.3
2003-03-05,3563.5
2003-03-06,3555.4
2003-03-07,3491.6
2003-03-10,3436.0
2003-03-11,3452.7
2003-03-12,3287.0
2003-03-13,3486.9
2003-03-14,3601.8
2003-03-17,3722.3
2003-03-18,3747.3
2003-03-19,3765.4
2003-03-20,3765.7
2003-03-21,3861.1
2003-03-24,3743.3
2003-03-25,3762.0
2003-03-26,3793.1
2003-03-27,3729.1
2003-03-28,3708.5
2003-03-31,3613.3
2003-04-01,3684.8
2003-04-02,3753.4
2003-04-03,3771.1
2003-04-04,3814.4
2003-04-07,3935.8
2003-04-08,3868.8
2003-04-09,3861.4
2003-04-10,3803.3
2003-04-11,3808.1
2003-04-14,3849.4
2003-04-15,3916.8
2003-04-16,3854.9
2003-04-17,3889.2
2003-04-22,3917.7
2003-04-23,3966.5
2003-04-24,3899.0
2003-04-25,3870.2
2003-04-28,3940.3
2003-04-29,3927.8
2003-04-30,3926.0
2003-05-01,3880.1
2003-05-02,3952.6
2003-05-06,4006.4
2003-05-07,3992.9
2003-05-08,3928.9
2003-05-09,3969.4
2003-05-12,3987.4
2003-05-13,3999.9
2003-05-14,3975.0
2003-05-15,4011.1
2003-05-16,4049.0
2003-05-19,3941.3
2003-05-20,3971.6
2003-05-21,3936.4
2003-05-22,3990.4
2003-05-23,3979.8
2003-05-27,3992.4
2003-05-28,4071.9
2003-05-29,4083.6
2003-05-30,4048.1
2003-06-02,4129.3
2003-06-03,4115.7
2003-06-04,4126.6
2003-06-05,4104.3
2003-06-06,4150.8
2003-06-09,4129.1
2003-06-10,4113.0
2003-06-11,4150.1
2003-06-12,4161.3
2003-06-13,4134.1
2003-06-16,4152.9
2003-06-17,4190.4
2003-06-18,4207.0
2003-06-19,4131.5
2003-06-20,4160.1
2003-06-23,4087.9
2003-06-24,4060.9
2003-06-25,4067.9
2003-06-26,4041.7
2003-06-27,4067.8
2003-06-30,4031.2
2003-07-01,3963.9
2003-07-02,4006.9
2003-07-03,4024.8
2003-07-04,4021.5
2003-07-07,4074.8
2003-07-08,4073.6
2003-07-09,4054.7
2003-07-10,4028.8
2003-07-11,4058.1
2003-07-14,4127.6
2003-07-15,4102.5
2003-07-16,4077.1
2003-07-17,4056.6
2003-07-18,4073.2
2003-07-21,4044.3
2003-07-22,4079.7
2003-07-23,4086.5
2003-07-24,4149.6
2003-07-25,4131.2
2003-07-28,4148.8
2003-07-29,4137.0
2003-07-30,4141.2
2003-07-31,4157.0
2003-08-01,4098.4
2003-08-04,4100.1
2003-08-05,4121.0
2003-08-06,4070.4
2003-08-07,4095.6
2003-08-08,4147.8
2003-08-11,4176.7
2003-08-12,4185.6
2003-08-13,4180.7
2003-08-14,4237.8
2003-08-15,4247.3
2003-08-18,4272.1
2003-08-19,4250.8
2003-08-20,4217.4
2003-08-21,4223.5
2003-08-22,4225.9
2003-08-26,4177.4
2003-08-27,4206.4
2003-08-28,4198.0
2003-08-29,4161.1
2003-09-01,4204.4
2003-09-02,4204.4
2003-09-03,4262.1
2003-09-04,4248.8
2003-09-05,4257.2
2003-09-08,4292.1
2003-09-09,4263.9
2003-09-10,4252.1
2003-09-11,4242.2
2003-09-12,4237.8
2003-09-15,4260.9
2003-09-16,4299.0
2003-09-17,4293.0
2003-09-18,4314.7
2003-09-19,4257.0
2003-09-22,4228.2
2003-09-23,4221.7
2003-09-24,4236.4
2003-09-25,4202.2
2003-09-26,4157.1
2003-09-29,4142.7
2003-09-30,4091.3
2003-10-01,4169.2
2003-10-02,4209.1
2003-10-03,4274.0
2003-10-06,4270.1
2003-10-07,4272.0
2003-10-08,4268.6
2003-10-09,4313.9
2003-10-10,4311.0
2003-10-13,4362.3
2003-10-14,4334.1
2003-10-15,4368.8
2003-10-16,4339.7
2003-10-17,4344.0
2003-10-20,4347.5
2003-10-21,4352.3
2003-10-22,4285.6
2003-10-23,4240.2
2003-10-24,4239.0
2003-10-27,4251.3
2003-10-28,4272.9
2003-10-29,4265.7
2003-10-30,4300.9
2003-10-31,4287.6
2003-11-03,4332.6
2003-11-04,4330.3
2003-11-05,4303.4
2003-11-06,4324.2
2003-11-07,4376.9
2003-11-10,4341.8
2003-11-11,4345.1
2003-11-12,4371.2
2003-11-13,4373.0
2003-11-14,4397.0
2003-11-17,4338.9
2003-11-18,4354.7
2003-11-19,4327.4
2003-11-20,4308.0
2003-11-21,4319.0
2003-11-24,4382.4
2003-11-25,4388.7
2003-11-26,4370.3
2003-11-27,4361.1
2003-11-28,4342.6
2003-12-01,4410.0
2003-12-02,4378.9
2003-12-03,4392.0
2003-12-04,4378.2
2003-12-05,4367.0
2003-12-08,4359.8
2003-12-09,4379.6
2003-12-10,4335.4
2003-12-11,4331.3
2003-12-12,4347.6
2003-12-15,4348.0
2003-12-16,4333.0
2003-12-17,4354.2
2003-12-18,4397.3
2003-12-19,4412.3
2003-12-22,4424.0
2003-12-23,4440.9
2003-12-24,4444.7
2003-12-29,4457.5
2003-12-30,4470.4
2003-12-31,4476.9
2004-01-02,4510.2
2004-01-05,4513.3
2004-01-06,4505.2
2004-01-07,4473.0
2004-01-08,4494.2
2004-01-09,4466.3
2004-01-12,4449.6
2004-01-13,4440.1
2004-01-14,4461.4
2004-01-15,4456.1
2004-01-16,4487.9
2004-01-19,4518.1
2004-01-20,4499.3
2004-01-21,4511.2
2004-01-22,4476.8
2004-01-23,4460.8
2004-01-26,4445.5
2004-01-27,4447.0
2004-01-28,4468.1
2004-01-29,4411.5
2004-01-30,4390.7
2004-02-02,4381.4
2004-02-03,4390.6
2004-02-04,4398.5
2004-02-05,4384.4
2004-02-06,4402.7
2004-02-09,4434.4
2004-02-10,4404.9
2004-02-11,4396.0
2004-02-12,4377.7
2004-02-13,4412.0
2004-02-16,4408.1
2004-02-17,4461.5
2004-02-18,4442.9
2004-02-19,4515.6
2004-02-20,4515.0
2004-02-23,4524.3
2004-02-24,4496.8
2004-02-25,4507.5
2004-02-26,4515.9
2004-02-27,4492.2
2004-03-01,4537.0
2004-03-02,4540.1
2004-03-03,4525.1
2004-03-04,4559.1
2004-03-05,4547.1
2004-03-08,4553.8
2004-03-09,4542.0
2004-03-10,4545.3
2004-03-11,4445.2
2004-03-12,4467.4
2004-03-15,4412.9
2004-03-16,4428.9
2004-03-17,4456.8
2004-03-18,4397.9
2004-03-19,4417.7
2004-03-22,4333.8
2004-03-23,4318.5
2004-03-24,4309.4
2004-03-25,4373.6
2004-03-26,4357.5
2004-03-29,4406.7
2004-03-30,4412.8
2004-03-31,4385.7
2004-04-01,4410.7
2004-04-02,4465.6
2004-04-05,4480.7
2004-04-06,4472.8
2004-04-07,4468.7
2004-04-08,4489.7
2004-04-13,4515.8
2004-04-14,4485.4
2004-04-15,4505.5
2004-04-16,4537.3
2004-04-19,4546.2
2004-04-20,4569.0
2004-04-21,4539.9
2004-04-22,4571.8
2004-04-23,4570.0
2004-04-26,4571.8
2004-04-27,4575.7
2004-04-28,4524.5
2004-04-29,4519.5
2004-04-30,4489.7
2004-05-04,4547.2
2004-05-05,4569.5
2004-05-06,4516.2
2004-05-07,4498.4
2004-05-10,4395.2
2004-05-11,4454.7
2004-05-12,4412.9
2004-05-13,4453.8
2004-05-14,4441.8
2004-05-17,4403.0
2004-05-18,4414.4
2004-05-19,4471.8
2004-05-20,4428.7
2004-05-21,4431.4
2004-05-24,4428.9
2004-05-25,4418.0
2004-05-26,4438.3
2004-05-27,4453.6
2004-05-28,4430.7
2004-06-01,4422.7
2004-06-02,4422.8
2004-06-03,4435.4
2004-06-04,4454.4
2004-06-07,4491.6
2004-06-08,4504.8
2004-06-09,4489.5
2004-06-10,4486.1
2004-06-11,4484.0
2004-06-14,4433.2
2004-06-15,4458.6
2004-06-16,4491.1
2004-06-17,4493.3
2004-06-18,4505.8
2004-06-21,4502.2
2004-06-22,4468.5
2004-06-23,4486.7
2004-06-24,4503.2
2004-06-25,4494.1
2004-06-28,4518.7
2004-06-29,4512.4
2004-06-30,4464.1
2004-07-01,4424.7
2004-07-02,4407.4
2004-07-05,4403.3
2004-07-06,4370.7
2004-07-07,4358.4
2004-07-08,4381.1
2004-07-09,4393.2
2004-07-12,4360.0
2004-07-13,4357.7
2004-07-14,4372.6
2004-07-15,4340.7
2004-07-16,4339.2
2004-07-19,4321.1
2004-07-20,4339.4
2004-07-21,4377.3
2004-07-22,4306.3
2004-07-23,4326.3
2004-07-26,4287.0
2004-07-27,4324.9
2004-07-28,4356.2
2004-07-29,4418.7
2004-07-30,4413.1
2004-08-02,4415.7
2004-08-03,4429.7
2004-08-04,4408.1
2004-08-05,4413.4
2004-08-06,4337.9
2004-08-09,4314.4
2004-08-10,4350.9
2004-08-11,4312.2
2004-08-12,4328.1
2004-08-13,4301.5
2004-08-16,4350.2
2004-08-17,4358.7
2004-08-18,4355.2
2004-08-19,4362.6
2004-08-20,4369.2
2004-08-23,4405.3
2004-08-24,4407.5
2004-08-25,4411.6
2004-08-26,4453.9
2004-08-27,4490.1
2004-08-31,4459.3
2004-09-01,4502.0
2004-09-02,4518.6
2004-09-03,4550.8
2004-09-06,4563.8
2004-09-07,4565.6
2004-09-08,4558.4
2004-09-09,4538.0
2004-09-10,4545.0
2004-09-13,4558.5
2004-09-14,4545.6
2004-09-15,4548.4
2004-09-16,4556.5
2004-09-17,4591.0
2004-09-20,4579.5
2004-09-21,4608.4
2004-09-22,4592.3
2004-09-23,4568.3
2004-09-24,4578.1
2004-09-27,4541.2
2004-09-28,4567.3
2004-09-29,4588.1
2004-09-30,4570.8
2004-10-01,4659.6
2004-10-04,4681.8
2004-10-05,4707.1
2004-10-06,4706.3
2004-10-07,4698.7
2004-10-08,4698.9
2004-10-11,4685.5
2004-10-12,4647.9
2004-10-13,4634.8
2004-10-14,4629.4
2004-10-15,4622.7
2004-10-18,4626.6
2004-10-19,4655.2
2004-10-20,4616.4
2004-10-21,4617.4
2004-10-22,4615.4
2004-10-25,4564.5
2004-10-26,4583.4
2004-10-27,4630.1
2004-10-28,4642.8
2004-10-29,4624.2
2004-11-01,4673.8
2004-11-02,4693.2
2004-11-03,4718.5
2004-11-04,4728.3
2004-11-05,4739.8
2004-11-08,4716.6
2004-11-09,4717.7
2004-11-10,4734.5
2004-11-11,4776.9
2004-11-12,4793.9
2004-11-15,4803.1
2004-11-16,4770.4
2004-11-17,4795.9
2004-11-18,4805.3
2004-11-19,4760.8
2004-11-22,4733.1
2004-11-23,4742.4
2004-11-24,4719.4
2004-11-25,4753.4
2004-11-26,4741.5
2004-11-29,4749.8
2004-11-30,4703.2
2004-12-01,4735.7
2004-12-02,4751.2
2004-12-03,4747.9
2004-12-06,4722.8
2004-12-07,4728.7
2004-12-08,4703.9
2004-12-09,4688.4
2004-12-10,4694.0
2004-12-13,4736.8
2004-12-14,4722.8
2004-12-15,4728.2
2004-12-16,4735.2
2004-12-17,4696.8
2004-12-20,4731.1
2004-12-21,4733.0
2004-12-22,4777.4
2004-12-23,4787.7
2004-12-24,4798.1
2004-12-29,4819.8
2004-12-30,4820.1
2004-12-31,4814.3
2005-01-04,4847.0
2005-01-05,4806.0
2005-01-06,4824.3
2005-01-07,4854.1
2005-01-10,4840.7
2005-01-11,4818.7
2005-01-12,4783.6
2005-01-13,4800.3
2005-01-14,4820.8
2005-01-17,4846.7
2005-01-18,4823.9
2005-01-19,4818.3
2005-01-20,4800.8
2005-01-21,4803.3
2005-01-24,4812.5
2005-01-25,4843.2
2005-01-26,4847.1
2005-01-27,4853.4
2005-01-28,4832.8
2005-01-31,4852.3
2005-02-01,4906.2
2005-02-02,4916.2
2005-02-03,4908.3
2005-02-04,4941.5
2005-02-07,4979.8
2005-02-08,4995.5
2005-02-09,4990.4
2005-02-10,5000.0
2005-02-11,5044.2
2005-02-14,5041.8
2005-02-15,5058.9
2005-02-16,5053.2
2005-02-17,5057.4
2005-02-18,5057.2
2005-02-21,5060.8
2005-02-22,5032.9
2005-02-23,4988.5
2005-02-24,4972.1
2005-02-25,5006.8
2005-02-28,4968.5
2005-03-01,5000.5
2005-03-02,4992.8
2005-03-03,5014.8
2005-03-04,5036.3
2005-03-07,5027.2
2005-03-08,5010.9
2005-03-09,4996.1
2005-03-10,4962.1
2005-03-11,4982.0
2005-03-14,4975.0
2005-03-15,5000.2
2005-03-16,4937.6
2005-03-17,4922.1
2005-03-18,4923.3
2005-03-21,4933.5
2005-03-22,4937.3
2005-03-23,4910.4
2005-03-24,4922.5
2005-03-29,4919.0
2005-03-30,4900.7
2005-03-31,4894.4
2005-04-01,4914.0
2005-04-04,4896.7
2005-04-05,4942.9
2005-04-06,4947.4
2005-04-07,4977.0
2005-04-08,4983.6
2005-04-11,4973.2
2005-04-12,4946.2
2005-04-13,4960.8
2005-04-14,4945.4
2005-04-15,4891.6
2005-04-18,4827.1
2005-04-19,4855.6
2005-04-20,4822.0
2005-04-21,4819.6
2005-04-22,4849.3
2005-04-25,4864.9
2005-04-26,4845.5
2005-04-27,4789.4
2005-04-28,4790.2
2005-04-29,4801.7
2005-05-03,4861.2
2005-05-04,4882.5
2005-05-05,4902.3
2005-05-06,4918.9
2005-05-09,4910.3
2005-05-10,4892.4
2005-05-11,4875.4
2005-05-12,4893.2
2005-05-13,4886.5
2005-05-16,4884.2
2005-05-17,4898.5
2005-05-18,4949.4
2005-05-19,4962.7
2005-05-20,4971.8
2005-05-23,4989.8
2005-05-24,4982.5
2005-05-25,4971.5
2005-05-26,4994.9
2005-05-27,4986.3
2005-05-31,4964.0
2005-06-01,5011.0
2005-06-02,5005.0
2005-06-03,4999.4
2005-06-06,4980.4
2005-06-07,5025.2
2005-06-08,5003.7
2005-06-09,5009.2
2005-06-10,5030.4
2005-06-13,5050.4
2005-06-14,5046.8
2005-06-15,5019.5
2005-06-16,5045.0
2005-06-17,5077.6
2005-06-20,5072.0
2005-06-21,5082.1
2005-06-22,5099.3
2005-06-23,5114.4
2005-06-24,5079.0
2005-06-27,5043.5
2005-06-28,5090.4
2005-06-29,5109.1
2005-06-30,5113.2
2005-07-01,5161.0
2005-07-04,5184.3
2005-07-05,5190.1
2005-07-06,5229.6
2005-07-07,5158.3
2005-07-08,5232.2
2005-07-11,5242.4
2005-07-12,5217.2
2005-07-13,5245.9
2005-07-14,5259.7
2005-07-15,5230.8
2005-07-18,5214.2
2005-07-19,5201.5
2005-07-20,5215.2
2005-07-21,5221.6
2005-07-22,5241.8
2005-07-25,5270.7
2005-07-26,5256.2
2005-07-27,5263.6
2005-07-28,5270.3
2005-07-29,5282.3
2005-08-01,5290.8
2005-08-02,5327.5
2005-08-03,5332.3
2005-08-04,5315.5
2005-08-05,5314.7
2005-08-08,5344.3
2005-08-09,5363.7
2005-08-10,5377.5
2005-08-11,5358.6
2005-08-12,5345.8
2005-08-15,5344.2
2005-08-16,5322.3
2005-08-17,5292.7
2005-08-18,5269.3
2005-08-19,5312.6
2005-08-22,5318.4
2005-08-23,5300.2
2005-08-24,5275.2
2005-08-25,5255.7
2005-08-26,5228.1
2005-08-30,5255.8
2005-08-31,5296.9
2005-09-01,5328.5
2005-09-02,5326.8
2005-09-05,5337.8
2005-09-06,5359.2
2005-09-07,5365.9
2005-09-08,5340.8
2005-09-09,5359.3
2005-09-12,5375.1
2005-09-13,5338.0
2005-09-14,5347.4
2005-09-15,5383.5
2005-09-16,5407.9
2005-09-19,5429.7
2005-09-20,5416.4
2005-09-21,5369.7
2005-09-22,5385.7
2005-09-23,5413.6
2005-09-26,5453.1
2005-09-27,5447.3
2005-09-28,5494.8
2005-09-29,5478.2
2005-09-30,5477.7
2005-10-03,5501.5
2005-10-04,5494.4
2005-10-05,5427.8
2005-10-06,5372.4
2005-10-07,5362.3
2005-10-10,5374.5
2005-10-11,5380.7
2005-10-12,5342.2
2005-10-13,5265.2
2005-10-14,5275.0
2005-10-17,5286.5
2005-10-18,5263.9
2005-10-19,5167.8
2005-10-20,5164.1
2005-10-21,5142.1
2005-10-24,5207.6
2005-10-25,5182.1
2005-10-26,5227.8
2005-10-27,5182.8
2005-10-28,5213.4
2005-10-31,5317.3
2005-11-01,5344.3
2005-11-02,5358.6
2005-11-03,5431.9
2005-11-04,5423.6
2005-11-07,5460.8
2005-11-08,5460.9
2005-11-09,5439.8
2005-11-10,5423.5
2005-11-11,5465.1
2005-11-14,5470.0
2005-11-15,5439.6
2005-11-16,5430.0
2005-11-17,5460.0
2005-11-18,5498.9
2005-11-21,5497.9
2005-11-22,5517.2
2005-11-23,5531.7
2005-11-24,5511.0
2005-11-25,5523.8
2005-11-28,5477.4
2005-11-29,5491.0
2005-11-30,5423.2
2005-12-01,5486.1
2005-12-02,5528.1
2005-12-05,5510.4
2005-12-06,5538.8
2005-12-07,5528.8
2005-12-08,5531.1
2005-12-09,5517.4
2005-12-12,5501.5
2005-12-13,5507.2
2005-12-14,5521.1
2005-12-15,5495.3
2005-12-16,5531.6
2005-12-19,5539.8
2005-12-20,5547.9
2005-12-21,5587.4
2005-12-22,5597.0
2005-12-23,5595.4
2005-12-28,5622.8
2005-12-29,5638.3
2005-12-30,5618.8
2006-01-03,5681.5
2006-01-04,5714.6
2006-01-05,5691.2
2006-01-06,5731.8
2006-01-09,5731.5
2006-01-10,5688.8
2006-01-11,5731.5
2006-01-12,5735.1
2006-01-13,5711.0
2006-01-16,5740.2
2006-01-17,5699.0
2006-01-18,5663.7
2006-01-19,5693.2
2006-01-20,5672.4
2006-01-23,5660.9
2006-01-24,5633.8
2006-01-25,5704.4
2006-01-26,5722.6
2006-01-27,5786.8
2006-01-30,5779.8
2006-01-31,5760.3
2006-02-01,5801.6
2006-02-02,5747.3
2006-02-03,5759.3
2006-02-06,5772.4
2006-02-07,5746.8
2006-02-08,5725.1
2006-02-09,5808.7
2006-02-10,5764.1
2006-02-13,5793.5
2006-02-14,5792.3
2006-02-15,5791.5
2006-02-16,5828.9
2006-02-17,5846.2
2006-02-20,5863.0
2006-02-21,5857.7
2006-02-22,5872.4
2006-02-23,5836.0
2006-02-24,5860.5
2006-02-27,5875.9
2006-02-28,5791.5
2006-03-01,5844.1
2006-03-02,5833.0
2006-03-03,5858.7
2006-03-06,5897.8
2006-03-07,5857.4
2006-03-08,5812.9
2006-03-09,5855.9
2006-03-10,5907.9
2006-03-13,5952.8
2006-03-14,5950.6
2006-03-15,5965.1
2006-03-16,5993.2
2006-03-17,5999.4
2006-03-20,5991.7
2006-03-21,5991.3
2006-03-22,6007.5
2006-03-23,5990.1
2006-03-24,6036.3
2006-03-27,5972.2
2006-03-28,5935.7
2006-03-29,5959.2
2006-03-30,6015.2
2006-03-31,5964.6
2006-04-03,6024.3
2006-04-04,6004.7
2006-04-05,6044.1
2006-04-06,6045.7
2006-04-07,6026.1
2006-04-10,6067.0
2006-04-11,6016.5
2006-04-12,6000.8
2006-04-13,6029.4
2006-04-18,6044.1
2006-04-19,6089.8
2006-04-20,6081.4
2006-04-21,6132.7
2006-04-24,6098.7
2006-04-25,6086.6
2006-04-26,6104.3
2006-04-27,6060.0
2006-04-28,6023.1
2006-05-02,6082.1
2006-05-03,6010.0
2006-05-04,6036.9
2006-05-05,6091.7
2006-05-08,6067.1
2006-05-09,6105.6
2006-05-10,6083.4
2006-05-11,6042.0
2006-05-12,5912.1
2006-05-15,5841.3
2006-05-16,5846.2
2006-05-17,5675.5
2006-05-18,5671.6
2006-05-19,5657.4
2006-05-22,5532.7
2006-05-23,5678.7
2006-05-24,5587.1
2006-05-25,5677.7
2006-05-26,5791.0
2006-05-30,5652.0
2006-05-31,5723.8
2006-06-01,5749.7
2006-06-02,5764.6
2006-06-05,5762.1
2006-06-06,5669.8
2006-06-07,5706.3
2006-06-08,5562.9
2006-06-09,5655.2
2006-06-12,5620.9
2006-06-13,5519.6
2006-06-14,5506.8
2006-06-15,5619.3
2006-06-16,5597.4
2006-06-19,5626.1
2006-06-20,5658.2
2006-06-21,5665.0
2006-06-22,5684.1
2006-06-23,5692.1
2006-06-26,5681.2
2006-06-27,5652.3
2006-06-28,5678.6
2006-06-29,5791.5
2006-06-30,5833.4
2006-07-03,5884.4
2006-07-04,5883.5
2006-07-05,5826.7
2006-07-06,5890.0
2006-07-07,5888.9
2006-07-10,5896.9
2006-07-11,5857.3
2006-07-12,5860.6
2006-07-13,5765.0
2006-07-14,5707.6
2006-07-17,5701.0
2006-07-18,5681.7
2006-07-19,5778.0
2006-07-20,5770.9
2006-07-21,5719.7
2006-07-24,5833.9
2006-07-25,5851.2
2006-07-26,5877.1
2006-07-27,5929.5
2006-07-28,5974.9
2006-07-31,5928.3
2006-08-01,5880.8
2006-08-02,5932.1
2006-08-03,5838.4
2006-08-04,5889.4
2006-08-07,5828.8
2006-08-08,5818.1
2006-08-09,5860.5
2006-08-10,5823.4
2006-08-11,5820.1
2006-08-14,5870.9
2006-08-15,5897.9
2006-08-16,5896.6
2006-08-17,5900.4
2006-08-18,5903.4
2006-08-21,5915.2
2006-08-22,5902.6
2006-08-23,5860.0
2006-08-24,5869.1
2006-08-25,5878.6
2006-08-29,5888.3
2006-08-30,5929.3
2006-08-31,5906.1
2006-09-01,5949.1
2006-09-04,5986.6
2006-09-05,5981.7
2006-09-06,5929.3
2006-09-07,5858.1
2006-09-08,5879.3
2006-09-11,5850.8
2006-09-12,5895.5
2006-09-13,5892.2
2006-09-14,5877.2
2006-09-15,5877.0
2006-09-18,5890.2
2006-09-19,5831.8
2006-09-20,5866.2
2006-09-21,5896.7
2006-09-22,5822.3
2006-09-25,5798.3
2006-09-26,5873.6
2006-09-27,5930.1
2006-09-28,5971.3
2006-09-29,5960.8
2006-10-02,5957.8
2006-10-03,5937.1
2006-10-04,5966.5
2006-10-05,6004.5
2006-10-06,6001.2
2006-10-09,6030.9
2006-10-10,6072.7
2006-10-11,6073.5
2006-10-12,6121.3
2006-10-13,6157.3
2006-10-16,6172.4
2006-10-17,6108.6
2006-10-18,6150.4
2006-10-19,6156.0
2006-10-20,6155.2
2006-10-23,6166.1
2006-10-24,6182.5
2006-10-25,6214.6
2006-10-26,6184.8
2006-10-27,6160.9
2006-10-30,6126.8
2006-10-31,6129.2
2006-11-01,6149.6
2006-11-02,6149.3
2006-11-03,6148.1
2006-11-06,6224.5
2006-11-07,6244.0
2006-11-08,6239.0
2006-11-09,6231.5
2006-11-10,6208.4
2006-11-13,6194.2
2006-11-14,6186.6
2006-11-15,6229.8
2006-11-16,6254.9
2006-11-17,6192.0
2006-11-20,6204.5
2006-11-21,6202.6
2006-11-22,6160.3
2006-11-23,6140.0
2006-11-24,6122.1
2006-11-27,6050.1
2006-11-28,6025.9
2006-11-29,6084.4
2006-11-30,6048.8
2006-12-01,6021.5
2006-12-04,6050.4
2006-12-05,6086.4
2006-12-06,6090.3
2006-12-07,6131.5
2006-12-08,6152.4
2006-12-11,6159.8
2006-12-12,6156.4
2006-12-13,6192.5
2006-12-14,6228.0
2006-12-15,6260.0
2006-12-18,6247.4
2006-12-19,6203.9
2006-12-20,6198.6
2006-12-21,6183.7
2006-12-22,6190.0
2006-12-27,6245.2
2006-12-28,6240.9
2006-12-29,6220.8
2007-01-02,6310.9
2007-01-03,6319.0
2007-01-04,6287.0
2007-01-05,6220.1
2007-01-08,6194.2
2007-01-09,6196.1
2007-01-10,6160.7
2007-01-11,6230.1
2007-01-12,6239.0
2007-01-15,6263.5
2007-01-16,6215.7
2007-01-17,6204.5
2007-01-18,6210.3
2007-01-19,6237.2
2007-01-22,6218.4
2007-01-23,6227.6
2007-01-24,6314.8
2007-01-25,6269.3
2007-01-26,6228.0
2007-01-29,6239.9
2007-01-30,6242.0
2007-01-31,6203.1
2007-02-01,6282.2
2007-02-02,6310.9
2007-02-05,6317.9
2007-02-06,6346.3
2007-02-07,6369.5
2007-02-08,6346.4
2007-02-09,6382.8
2007-02-12,6353.5
2007-02-13,6381.8
2007-02-14,6421.2
2007-02-15,6433.3
2007-02-16,6419.5
2007-02-19,6444.4
2007-02-20,6412.3
2007-02-21,6357.1
2007-02-22,6380.9
2007-02-23,6401.5
2007-02-26,6434.7
2007-02-27,6286.1
2007-02-28,6171.5
2007-03-01,6116.0
2007-03-02,6116.2
2007-03-05,6058.7
2007-03-06,6138.5
2007-03-07,6156.5
2007-03-08,6227.7
2007-03-09,6245.2
2007-03-12,6233.3
2007-03-13,6161.2
2007-03-14,6000.7
2007-03-15,6133.2
2007-03-16,6130.6
2007-03-19,6189.4
2007-03-20,6220.3
2007-03-21,6256.8
2007-03-22,6318.0
2007-03-23,6339.4
2007-03-26,6291.9
2007-03-27,6292.6
2007-03-28,6267.2
2007-03-29,6324.2
2007-03-30,6308.0
2007-04-02,6315.5
2007-04-03,6366.1
2007-04-04,6364.7
2007-04-05,6397.3
2007-04-10,6417.8
2007-04-11,6413.3
2007-04-12,6416.4
2007-04-13,6462.4
2007-04-16,6516.2
2007-04-17,6497.8
2007-04-18,6449.4
2007-04-19,6440.6
2007-04-20,6486.8
2007-04-23,6479.7
2007-04-24,6429.5
2007-04-25,6461.9
2007-04-26,6469.4
2007-04-27,6418.7
2007-04-30,6449.2
2007-05-01,6419.6
2007-05-02,6484.5
2007-05-03,6537.8
2007-05-04,6603.7
2007-05-08,6550.4
2007-05-09,6549.6
2007-05-10,6524.1
2007-05-11,6565.7
2007-05-14,6555.5
2007-05-15,6568.6
2007-05-16,6559.5
2007-05-17,6579.3
2007-05-18,6640.9
2007-05-21,6636.8
2007-05-22,6606.6
2007-05-23,6616.4
2007-05-24,6565.4
2007-05-25,6570.5
2007-05-29,6606.5
2007-05-30,6602.1
2007-05-31,6621.4
2007-06-01,6676.7
2007-06-04,6664.1
2007-06-05,6632.8
2007-06-06,6522.7
2007-06-07,6505.1
2007-06-08,6505.1
2007-06-11,6567.5
2007-06-12,6520.4
2007-06-13,6559.6
2007-06-14,6649.9
2007-06-15,6732.4
2007-06-18,6703.5
2007-06-19,6650.2
2007-06-20,6649.3
2007-06-21,6596.0
2007-06-22,6567.4
2007-06-25,6588.4
2007-06-26,6559.3
2007-06-27,6527.6
2007-06-28,6571.3
2007-06-29,6607.9
2007-07-02,6590.6
2007-07-03,6639.8
2007-07-04,6673.1
2007-07-05,6635.2
2007-07-06,6690.1
2007-07-09,6712.7
2007-07-10,6630.9
2007-07-11,6615.1
2007-07-12,6697.7
2007-07-13,6716.7
2007-07-16,6697.7
2007-07-17,6659.1
2007-07-18,6567.1
2007-07-19,6640.2
2007-07-20,6585.2
2007-07-23,6624.4
2007-07-24,6498.7
2007-07-25,6454.3
2007-07-26,6251.2
2007-07-27,6215.2
2007-07-30,6206.1
2007-07-31,6360.1
2007-08-01,6250.6
2007-08-02,6300.3
2007-08-03,6224.3
2007-08-06,6189.1
2007-08-07,6308.8
2007-08-08,6393.9
2007-08-09,6271.2
2007-08-10,6038.3
2007-08-13,6219.0
2007-08-14,6143.5
2007-08-15,6109.3
2007-08-16,5858.9
2007-08-17,6064.2
2007-08-20,6078.7
2007-08-21,6086.1
2007-08-22,6196.0
2007-08-23,6196.9
2007-08-24,6220.1
2007-08-28,6102.2
2007-08-29,6132.2
2007-08-30,6212.0
2007-08-31,6303.3
2007-09-03,6315.2
2007-09-04,6376.8
2007-09-05,6270.7
2007-09-06,6313.3
2007-09-07,6191.2
2007-09-10,6134.1
2007-09-11,6280.7
2007-09-12,6306.2
2007-09-13,6363.9
2007-09-14,6289.3
2007-09-17,6182.8
2007-09-18,6283.3
2007-09-19,6460.0
2007-09-20,6429.0
2007-09-21,6456.7
2007-09-24,6465.9
2007-09-25,6396.9
2007-09-26,6433.0
2007-09-27,6486.4
2007-09-28,6466.8
2007-10-01,6506.2
2007-10-02,6500.4
2007-10-03,6535.2
2007-10-04,6547.9
2007-10-05,6595.8
2007-10-08,6540.9
2007-10-09,6615.4
2007-10-10,6633.0
2007-10-11,6724.5
2007-10-12,6730.7
2007-10-15,6644.5
2007-10-16,6614.3
2007-10-17,6677.7
2007-10-18,6609.4
2007-10-19,6527.9
2007-10-22,6459.3
2007-10-23,6514.0
2007-10-24,6482.0
2007-10-25,6576.3
2007-10-26,6661.3
2007-10-29,6706.0
2007-10-30,6659.0
2007-10-31,6721.6
2007-11-01,6586.1
2007-11-02,6530.6
2007-11-05,6461.4
2007-11-06,6474.9
2007-11-07,6385.1
2007-11-08,6381.9
2007-11-09,6304.9
2007-11-12,6337.9
2007-11-13,6362.4
2007-11-14,6432.1
2007-11-15,6359.6
2007-11-16,6291.2
2007-11-19,6120.8
2007-11-20,6226.5
2007-11-21,6070.9
2007-11-22,6155.3
2007-11-23,6262.1
2007-11-26,6180.5
2007-11-27,6140.7
2007-11-28,6306.2
2007-11-29,6349.1
2007-11-30,6432.5
2007-12-03,6386.6
2007-12-04,6315.2
2007-12-05,6493.8
2007-12-06,6485.6
2007-12-07,6554.9
2007-12-10,6565.4
2007-12-11,6536.9
2007-12-12,6559.8
2007-12-13,6364.2
2007-12-14,6397.0
2007-12-17,6277.8
2007-12-18,6279.3
2007-12-19,6284.5
2007-12-20,6345.6
2007-12-21,6434.1
2007-12-24,6479.3
2007-12-27,6497.8
2007-12-28,6476.9
2007-12-31,6456.9
2008-01-02,6416.7
2008-01-03,6479.4
2008-01-04,6348.5
2008-01-07,6335.7
2008-01-08,6356.5
2008-01-09,6272.7
2008-01-10,6222.7
2008-01-11,6202.0
2008-01-14,6215.7
2008-01-15,6025.6
2008-01-16,5942.9
2008-01-17,5902.4
2008-01-18,5901.7
2008-01-21,5578.2
2008-01-22,5740.1
2008-01-23,5609.3
2008-01-24,5875.8
2008-01-25,5869.0
2008-01-28,5788.9
2008-01-29,5885.2
2008-01-30,5837.3
2008-01-31,5879.8
2008-02-01,6029.2
2008-02-04,6026.2
2008-02-05,5868.0
2008-02-06,5875.4
2008-02-07,5724.1
2008-02-08,5784.0
2008-02-11,5707.7
2008-02-12,5910.0
2008-02-13,5880.1
2008-02-14,5879.3
2008-02-15,5787.6
2008-02-19,5966.9
2008-02-20,5893.6
2008-02-21,5932.2
2008-02-22,5888.5
2008-02-25,5999.5
2008-02-26,6087.4
2008-02-27,6076.5
2008-02-28,5965.7
2008-02-29,5884.3
2008-03-03,5818.6
2008-03-04,5767.7
2008-03-05,5853.5
2008-03-06,5766.4
2008-03-07,5699.9
2008-03-10,5629.1
2008-03-11,5690.4
2008-03-12,5776.4
2008-03-13,5692.4
2008-03-14,5631.7
2008-03-17,5414.4
2008-03-18,5605.8
2008-03-19,5545.6
2008-03-20,5495.2
2008-03-25,5689.1
2008-03-26,5660.4
2008-03-27,5717.5
2008-03-28,5692.9
2008-03-31,5702.1
2008-04-01,5852.6
2008-04-02,5915.9
2008-04-03,5891.3
2008-04-04,5947.1
2008-04-07,6014.8
2008-04-08,5990.2
2008-04-09,5983.9
2008-04-10,5965.1
2008-04-11,5895.5
2008-04-14,5831.6
2008-04-15,5906.9
2008-04-16,6046.2
2008-04-17,5980.4
2008-04-18,6056.5
2008-04-21,6053.0
2008-04-22,6034.7
2008-04-23,6083.6
2008-04-24,6050.7
2008-04-25,6091.4
2008-04-28,6090.4
2008-04-29,6089.4
2008-04-30,6087.3
2008-05-01,6087.3
2008-05-02,6215.5
2008-05-06,6215.2
2008-05-07,6261.0
2008-05-08,6270.8
2008-05-09,6204.7
2008-05-12,6220.6
2008-05-13,6211.9
2008-05-14,6216.0
2008-05-15,6251.8
2008-05-16,6304.3
2008-05-19,6376.5
2008-05-20,6191.6
2008-05-21,6198.1
2008-05-22,6181.6
2008-05-23,6087.3
2008-05-27,6058.5
2008-05-28,6069.6
2008-05-29,6068.1
2008-05-30,6053.5
2008-06-02,6007.6
2008-06-03,6057.7
2008-06-04,5970.1
2008-06-05,5995.3
2008-06-06,5906.8
2008-06-09,5877.6
2008-06-10,5827.3
2008-06-11,5723.3
2008-06-12,5790.5
2008-06-13,5802.8
2008-06-16,5794.6
2008-06-17,5861.9
2008-06-18,5756.9
2008-06-19,5708.4
2008-06-20,5620.8
2008-06-23,5667.2
2008-06-24,5634.7
2008-06-25,5666.1
2008-06-26,5518.2
2008-06-27,5529.9
2008-06-30,5625.9
2008-07-01,5479.9
2008-07-02,5426.3
2008-07-03,5476.6
2008-07-04,5412.8
2008-07-07,5512.7
2008-07-08,5440.5
2008-07-09,5529.6
2008-07-10,5406.8
2008-07-11,5261.6
2008-07-14,5300.4
2008-07-15,5171.9
2008-07-16,5150.6
2008-07-17,5286.3
2008-07-18,5376.4
2008-07-21,5404.3
2008-07-22,5364.1
2008-07-23,5449.9
2008-07-24,5362.3
2008-07-25,5352.6
2008-07-28,5312.6
2008-07-29,5319.2
2008-07-30,5420.7
2008-07-31,5411.9
2008-08-01,5354.7
2008-08-04,5320.2
2008-08-05,5454.5
2008-08-06,5486.1
2008-08-07,5477.5
2008-08-08,5489.2
2008-08-11,5541.8
2008-08-12,5534.5
2008-08-13,5448.6
2008-08-14,5497.4
2008-08-15,5454.8
2008-08-18,5450.2
2008-08-19,5320.4
2008-08-20,5371.8
2008-08-21,5370.2
2008-08-22,5505.6
2008-08-26,5470.7
2008-08-27,5528.1
2008-08-28,5601.2
2008-08-29,5636.6
2008-09-01,5602.8
2008-09-02,5620.7
2008-09-03,5499.7
2008-09-04,5362.1
2008-09-05,5240.7
2008-09-08,5446.3
2008-09-09,5415.6
2008-09-10,5366.2
2008-09-11,5318.4
2008-09-12,5416.7
2008-09-15,5204.2
2008-09-16,5025.6
2008-09-17,4912.4
2008-09-18,4880.0
2008-09-19,5311.3
2008-09-22,5236.3
2008-09-23,5136.1
2008-09-24,5095.6
2008-09-25,5197.0
2008-09-26,5088.5
2008-09-29,4818.8
2008-09-30,4902.5
2008-10-01,4959.6
2008-10-02,4870.3
2008-10-03,4980.3
2008-10-06,4589.2
2008-10-07,4605.2
2008-10-08,4366.7
2008-10-09,4313.8
2008-10-10,3932.1
2008-10-13,4256.9
2008-10-14,4394.2
2008-10-15,4079.6
2008-10-16,3861.4
2008-10-17,4063.0
2008-10-20,4282.7
2008-10-21,4229.7
2008-10-22,4040.9
2008-10-23,4087.8
2008-10-24,3883.4
2008-10-27,3852.6
2008-10-28,3926.4
2008-10-29,4242.5
2008-10-30,4291.6
2008-10-31,4377.3
2008-11-03,4443.3
2008-11-04,4639.5
2008-11-05,4530.7
2008-11-06,4272.4
2008-11-07,4365.0
2008-11-10,4403.9
2008-11-11,4246.7
2008-11-12,4182.0
2008-11-13,4169.2
2008-11-14,4233.0
2008-11-17,4132.2
2008-11-18,4208.5
2008-11-19,4005.7
2008-11-20,3875.0
2008-11-21,3781.0
2008-11-24,4153.0
2008-11-25,4171.3
2008-11-26,4152.7
2008-11-27,4226.1
2008-11-28,4288.0
2008-12-01,4065.5
2008-12-02,4122.9
2008-12-03,4170.0
2008-12-04,4163.6
2008-12-05,4049.4
2008-12-08,4300.1
2008-12-09,4381.3
2008-12-10,4367.3
2008-12-11,4388.7
2008-12-12,4280.4
2008-12-15,4277.6
2008-12-16,4309.1
2008-12-17,4324.2
2008-12-18,4330.7
2008-12-19,4286.9
2008-12-22,4249.2
2008-12-23,4256.0
2008-12-24,4216.6
2008-12-29,4319.4
2008-12-30,4392.7
2008-12-31,4434.2
2009-01-02,4561.8
2009-01-05,4579.6
2009-01-06,4638.9
2009-01-07,4507.5
2009-01-08,4505.4
2009-01-09,4448.5
2009-01-12,4426.2
2009-01-13,4399.1
2009-01-14,4180.6
2009-01-15,4121.1
2009-01-16,4147.1
2009-01-19,4108.5
2009-01-20,4091.4
2009-01-21,4059.9
2009-01-22,4052.2
2009-01-23,4052.5
2009-01-26,4209.0
2009-01-27,4194.4
2009-01-28,4295.2
2009-01-29,4190.1
2009-01-30,4149.6
2009-02-02,4077.8
2009-02-03,4164.5
2009-02-04,4228.6
2009-02-05,4228.9
2009-02-06,4291.9
2009-02-09,4307.6
2009-02-10,4213.1
2009-02-11,4234.3
2009-02-12,4202.2
2009-02-13,4189.6
2009-02-16,4134.8
2009-02-17,4034.1
2009-02-18,4006.8
2009-02-19,4018.4
2009-02-20,3889.1
2009-02-23,3850.7
2009-02-24,3816.4
2009-02-25,3849.0
2009-02-26,3915.6
2009-02-27,3830.1
2009-03-02,3625.8
2009-03-03,3512.1
2009-03-04,3645.9
2009-03-05,3529.9
2009-03-06,3530.7
2009-03-09,3542.4
2009-03-10,3715.2
2009-03-11,3693.8
2009-03-12,3712.1
2009-03-13,3753.7
2009-03-16,3864.0
2009-03-17,3857.1
2009-03-18,3805.0
2009-03-19,3816.9
2009-03-20,3842.9
2009-03-23,3952.8
2009-03-24,3911.5
2009-03-25,3900.3
2009-03-26,3925.2
2009-03-27,3898.9
2009-03-30,3762.9
2009-03-31,3926.1
2009-04-01,3955.6
2009-04-02,4125.0
2009-04-03,4029.7
2009-04-06,3993.5
2009-04-07,3930.5
2009-04-08,3925.5
2009-04-09,3983.7
2009-04-14,3989.0
2009-04-15,3968.4
2009-04-16,4053.0
2009-04-17,4092.8
2009-04-20,3990.9
2009-04-21,3987.5
2009-04-22,4030.7
2009-04-23,4018.2
2009-04-24,4156.0
2009-04-27,4167.0
2009-04-28,4096.4
2009-04-29,4189.6
2009-04-30,4243.7
2009-05-01,4243.2
2009-05-05,4336.9
2009-05-06,4396.5
2009-05-07,4398.7
2009-05-08,4462.1
2009-05-11,4435.5
2009-05-12,4425.5
2009-05-13,4331.4
2009-05-14,4362.6
2009-05-15,4348.1
2009-05-18,4446.5
2009-05-19,4482.3
2009-05-20,4468.4
2009-05-21,4345.5
2009-05-22,4365.3
2009-05-26,4411.7
2009-05-27,4416.2
2009-05-28,4387.5
2009-05-29,4417.9
2009-06-01,4506.2
2009-06-02,4477.0
2009-06-03,4383.4
2009-06-04,4386.9
2009-06-05,4438.6
2009-06-08,4405.2
2009-06-09,4404.8
2009-06-10,4436.8
2009-06-11,4461.9
2009-06-12,4442.0
2009-06-15,4326.0
2009-06-16,4328.6
2009-06-17,4278.5
2009-06-18,4280.9
2009-06-19,4345.9
2009-06-22,4234.0
2009-06-23,4230.0
2009-06-24,4280.0
2009-06-25,4252.6
2009-06-26,4241.0
2009-06-29,4294.0
2009-06-30,4249.2
2009-07-01,4340.7
2009-07-02,4234.3
2009-07-03,4236.3
2009-07-06,4194.9
2009-07-07,4187.0
2009-07-08,4140.2
2009-07-09,4158.7
2009-07-10,4127.2
2009-07-13,4202.1
2009-07-14,4237.7
2009-07-15,4346.5
2009-07-16,4361.8
2009-07-17,4388.8
2009-07-20,4443.6
2009-07-21,4481.2
2009-07-22,4493.7
2009-07-23,4559.8
2009-07-24,4576.6
2009-07-27,4586.1
2009-07-28,4528.8
2009-07-29,4547.5
2009-07-30,4631.6
2009-07-31,4608.4
2009-08-03,4682.5
2009-08-04,4671.4
2009-08-05,4647.1
2009-08-06,4690.5
2009-08-07,4731.6
2009-08-10,4722.2
2009-08-11,4671.3
2009-08-12,4716.8
2009-08-13,4755.5
2009-08-14,4714.0
2009-08-17,4645.0
2009-08-18,4685.8
2009-08-19,4689.7
2009-08-20,4756.6
2009-08-21,4850.9
2009-08-24,4896.2
2009-08-25,4916.8
2009-08-26,4890.6
2009-08-27,4869.4
2009-08-28,4908.9
2009-09-01,4819.7
2009-09-02,4817.5
2009-09-03,4796.8
2009-09-04,4851.7
2009-09-07,4933.2
2009-09-08,4947.3
2009-09-09,5004.3
2009-09-10,4987.7
2009-09-11,5011.5
2009-09-14,5018.9
2009-09-15,5042.1
2009-09-16,5124.1
2009-09-17,5164.0
2009-09-18,5172.9
2009-09-21,5134.4
2009-09-22,5142.6
2009-09-23,5139.4
2009-09-24,5079.3
2009-09-25,5082.2
2009-09-28,5165.7
2009-09-29,5159.7
2009-09-30,5133.9
2009-10-01,5047.8
2009-10-02,4988.7
2009-10-05,5024.3
2009-10-06,5138.0
2009-10-07,5108.9
2009-10-08,5154.6
2009-10-09,5161.9
2009-10-12,5210.2
2009-10-13,5154.1
2009-10-14,5256.1
2009-10-15,5223.0
2009-10-16,5190.2
2009-10-19,5281.5
2009-10-20,5243.4
2009-10-21,5257.9
2009-10-22,5207.4
2009-10-23,5242.6
2009-10-26,5191.7
2009-10-27,5201.0
2009-10-28,5080.4
2009-10-29,5137.7
2009-10-30,5044.5
2009-11-02,5104.5
2009-11-03,5037.2
2009-11-04,5107.9
2009-11-05,5125.6
2009-11-06,5142.7
2009-11-09,5235.2
2009-11-10,5230.5
2009-11-11,5266.8
2009-11-12,5276.5
2009-11-13,5296.4
2009-11-16,5382.7
2009-11-17,5345.9
2009-11-18,5342.1
2009-11-19,5267.7
2009-11-20,5251.4
2009-11-23,5355.5
2009-11-24,5324.0
2009-11-25,5364.8
2009-11-26,5194.1
2009-11-27,5245.7
2009-11-30,5190.7
2009-12-01,5312.2
2009-12-02,5327.4
2009-12-03,5313.0
2009-12-04,5322.4
2009-12-07,5310.7
2009-12-08,5223.1
2009-12-09,5203.9
2009-12-10,5244.4
2009-12-11,5261.6
2009-12-14,5315.3
2009-12-15,5285.8
2009-12-16,5320.3
2009-12-17,5217.6
2009-12-18,5196.8
2009-12-21,5294.0
2009-12-22,5328.7
2009-12-23,5372.4
2009-12-24,5402.4
2009-12-29,5437.6
2009-12-30,5397.9
2009-12-31,5412.9
2010-01-04,5500.3
2010-01-05,5522.5
2010-01-06,5530.0
2010-01-07,5526.7
2010-01-08,5534.2
2010-01-11,5538.1
2010-01-12,5498.7
2010-01-13,5473.5
2010-01-14,5498.2
2010-01-15,5455.4
2010-01-18,5494.4
2010-01-19,5513.1
2010-01-20,5420.8
2010-01-21,5335.1
2010-01-22,5303.0
2010-01-25,5260.3
2010-01-26,5276.9
2010-01-27,5217.5
2010-01-28,5145.7
2010-01-29,5188.5
2010-02-01,5247.4
2010-02-02,5283.3
2010-02-03,5253.1
2010-02-04,5139.3
2010-02-05,5060.9
2010-02-08,5092.3
2010-02-09,5111.8
2010-02-10,5132.0
2010-02-11,5161.5
2010-02-12,5142.5
2010-02-15,5167.5
2010-02-16,5244.1
2010-02-17,5276.6
2010-02-18,5325.1
2010-02-19,5358.2
2010-02-22,5352.1
2010-02-23,5315.1
2010-02-24,5342.9
2010-02-25,5278.2
2010-02-26,5354.5
2010-03-01,5405.9
2010-03-02,5484.1
2010-03-03,5533.2
2010-03-04,5527.2
2010-03-05,5599.8
2010-03-08,5606.7
2010-03-09,5602.3
2010-03-10,5640.6
2010-03-11,5617.3
2010-03-12,5625.6
2010-03-15,5593.9
2010-03-16,5620.4
2010-03-17,5644.6
2010-03-18,5642.6
2010-03-19,5650.1
2010-03-22,5644.5
2010-03-23,5673.6
2010-03-24,5677.9
2010-03-25,5727.6
2010-03-26,5703.0
2010-03-29,5710.7
2010-03-30,5672.3
2010-03-31,5679.6
2010-04-01,5744.9
2010-04-06,5780.4
2010-04-07,5762.1
2010-04-08,5712.7
2010-04-09,5771.0
2010-04-12,5777.6
2010-04-13,5761.7
2010-04-14,5796.3
2010-04-15,5825.0
2010-04-16,5744.0
2010-04-19,5727.9
2010-04-20,5783.7
2010-04-21,5723.4
2010-04-22,5665.3
2010-04-23,5723.6
2010-04-26,5753.9
2010-04-27,5603.5
2010-04-28,5586.6
2010-04-29,5617.8
2010-04-30,5553.3
2010-05-04,5411.1
2010-05-05,5341.9
2010-05-06,5261.0
2010-05-07,5123.0
2010-05-10,5387.4
2010-05-11,5334.2
2010-05-12,5383.5
2010-05-13,5433.7
2010-05-14,5262.9
2010-05-17,5262.5
2010-05-18,5307.3
2010-05-19,5158.1
2010-05-20,5073.1
2010-05-21,5062.9
2010-05-24,5069.6
2010-05-25,4940.7
2010-05-26,5038.1
2010-05-27,5195.2
2010-05-28,5188.4
2010-06-01,5163.3
2010-06-02,5151.3
2010-06-03,5211.2
2010-06-04,5126.0
2010-06-07,5069.1
2010-06-08,5028.1
2010-06-09,5085.9
2010-06-10,5132.5
2010-06-11,5163.7
2010-06-14,5202.1
2010-06-15,5217.8
2010-06-16,5237.9
2010-06-17,5253.9
2010-06-18,5250.8
2010-06-21,5299.1
2010-06-22,5247.0
2010-06-23,5178.5
2010-06-24,5100.2
2010-06-25,5046.5
2010-06-28,5071.7
2010-06-29,4914.2
2010-06-30,4916.9
2010-07-01,4805.8
2010-07-02,4838.1
2010-07-05,4823.5
2010-07-06,4965.0
2010-07-07,5014.8
2010-07-08,5105.5
2010-07-09,5132.9
2010-07-12,5167.0
2010-07-13,5271.0
2010-07-14,5253.5
2010-07-15,5211.3
2010-07-16,5158.9
2010-07-19,5148.28
2010-07-20,5139.46
2010-07-21,5214.64
2010-07-22,5313.81
2010-07-23,5312.62
2010-07-26,5351.12
2010-07-27,5365.67
2010-07-29,5313.95
2010-07-30,5258.02
2010-08-02,5397.11
2010-08-03,5396.48
2010-08-04,5386.16
2010-08-05,5365.78
2010-08-06,5332.39
2010-08-09,5410.52
2010-08-10,5376.41
2010-08-11,5245.21
2010-08-12,5266.06
2010-08-13,5275.44
2010-08-16,5276.1
2010-08-17,5350.55
2010-08-18,5302.87
2010-08-19,5211.29
2010-08-20,5195.28
2010-08-23,5234.84
2010-08-24,5155.95
2010-08-25,5117.24
2010-08-26,5155.84
2010-08-27,5201.56
2010-08-31,5225.22
2010-09-01,5366.41
2010-09-02,5371.04
2010-09-03,5428.15
2010-09-06,5439.19
2010-09-07,5407.82
2010-09-08,5429.74
2010-09-09,5494.16
2010-09-10,5501.64
2010-09-13,5565.53
2010-09-14,5567.41
2010-09-15,5557.07
2010-09-16,5540.14
2010-09-17,5508.45
2010-09-20,5602.54
2010-09-21,5576.19
2010-09-22,5562.02
2010-09-23,5547.08
2010-09-24,5598.48
2010-09-27,5573.42
2010-09-28,5578.44
2010-09-29,5569.27
2010-09-30,5548.62
2010-10-01,5592.9
2010-10-04,5555.97
2010-10-05,5635.76
2010-10-06,5681.39
2010-10-07,5662.13
2010-10-08,5657.61
2010-10-11,5672.4
2010-10-12,5661.59
2010-10-13,5747.35
2010-10-14,5727.21
2010-10-15,5703.37
2010-10-18,5742.52
2010-10-19,5703.89
2010-10-20,5728.93
2010-10-21,5757.86
2010-10-22,5741.37
2010-10-25,5751.98
2010-10-26,5707.3
2010-10-27,5646.02
2010-10-28,5677.89
2010-10-29,5675.16
2010-11-01,5694.62
2010-11-02,5757.43
2010-11-03,5748.97
2010-11-04,5862.79
2010-11-05,5875.35
2010-11-08,5849.96
2010-11-09,5875.19
2010-11-10,5816.94
2010-11-11,5815.23
2010-11-12,5796.87
2010-11-15,5820.41
2010-11-16,5690.8
2010-11-17,5692.56
2010-11-18,5768.71
2010-11-19,5732.83
2010-11-22,5680.83
2010-11-23,5581.28
2010-11-24,5657.1
2010-11-25,5698.93
2010-11-26,5668.7
2010-11-29,5569.73
2010-11-30,5528.27
2010-12-01,5642.5
2010-12-02,5767.56
2010-12-03,5756.66
2010-12-06,5770.28
2010-12-07,5808.45
2010-12-08,5794.53
2010-12-09,5807.96
2010-12-10,5812.95
2010-12-13,5860.75
2010-12-14,5891.21
2010-12-15,5882.18
2010-12-16,5881.12
2010-12-17,5871.75
2010-12-20,5894.1
2010-12-21,5951.8
2010-12-22,5983.49
2010-12-23,5996.07
2010-12-24,6008.92
2010-12-29,5996.36
2010-12-30,5971.01
2010-12-31,5899.94
2011-01-04,6013.87
2011-01-05,6043.86
2011-01-06,6019.51
2011-01-07,5984.33
2011-01-10,5956.3
2011-01-11,6014.03
2011-01-12,6050.72
2011-01-13,6023.88
2011-01-14,5988.12
2011-01-17,5985.7
2011-01-18,6056.43
2011-01-19,5976.7
2011-01-20,5867.91
2011-01-21,5896.25
2011-01-24,5943.85
2011-01-25,5917.71
2011-01-26,5977.63
2011-01-27,5965.08
2011-01-28,5881.37
2011-01-31,5862.94
2011-02-01,5957.82
2011-02-02,5996.56
2011-02-03,5983.34
2011-02-04,5997.38
2011-02-07,6044.16
2011-02-08,6091.33
2011-02-09,6052.29
2011-02-10,6020.01
2011-02-11,6062.9
2011-02-14,6063.56
2011-02-15,6037.08
2011-02-16,6085.27
2011-02-17,6087.38
2011-02-18,6082.99
2011-02-21,6014.8
2011-02-22,5996.76
2011-02-23,5923.53
2011-02-24,5919.98
2011-02-25,6001.2
2011-02-28,5994.01
2011-03-01,5953.87
2011-03-02,5914.89
2011-03-03,6005.09
2011-03-04,5990.39
2011-03-07,5973.78
2011-03-08,5961.82
2011-03-09,5937.3
2011-03-10,5845.29
2011-03-11,5828.67
2011-03-14,5775.24
2011-03-15,5695.28
2011-03-16,5598.23
2011-03-17,5693.8
2011-03-18,5720.8
2011-03-21,5786.09
2011-03-22,5762.71
2011-03-23,5795.88
2011-03-24,5880.87
2011-03-25,5900.76
2011-03-28,5904.49
2011-03-29,5932.17
2011-03-30,5948.3
2011-03-31,5938.66
2011-04-01,6009.92
2011-04-04,6016.98
2011-04-05,6007.06
2011-04-06,6041.13
2011-04-07,6007.37
2011-04-08,6055.75
2011-04-11,6053.44
2011-04-12,5964.47
2011-04-13,6010.44
2011-04-14,5963.8
2011-04-15,5996.01
2011-04-18,5870.08
2011-04-19,5896.87
2011-04-20,6022.26
2011-04-21,6018.3
2011-04-26,6069.36
2011-04-27,6068.16
2011-04-28,6069.9
2011-05-03,6082.88
2011-05-04,5984.07
2011-05-05,5919.98
2011-05-06,5976.77
2011-05-09,5942.69
2011-05-10,6018.89
2011-05-11,5976.0
2011-05-12,5944.96
2011-05-13,5925.87
2011-05-16,5923.69
2011-05-17,5861.0
2011-05-18,5923.49
2011-05-19,5955.99
2011-05-20,5948.49
2011-05-23,5835.89
2011-05-24,5858.41
2011-05-25,5870.14
2011-05-26,5880.99
2011-05-27,5938.87
2011-05-31,5989.99
2011-06-01,5928.61
2011-06-02,5847.92
2011-06-03,5855.01
2011-06-06,5863.16
2011-06-07,5864.65
2011-06-08,5808.89
2011-06-09,5856.34
2011-06-10,5769.3
2011-06-13,5773.46
2011-06-14,5803.13
2011-06-15,5742.55
2011-06-16,5698.81
2011-06-17,5714.94
2011-06-20,5693.39
2011-06-21,5775.31
2011-06-22,5772.99
2011-06-23,5674.38
2011-06-24,5697.72
2011-06-27,5722.34
2011-06-28,5766.88
2011-06-29,5855.95
2011-06-30,5945.71
2011-07-01,5989.76
2011-07-04,6017.54
2011-07-05,6024.03
2011-07-06,6002.92
2011-07-07,6054.55
2011-07-08,5990.58
2011-07-11,5929.16
2011-07-12,5868.96
2011-07-13,5904.19
2011-07-14,5846.95
2011-07-15,5843.66
2011-07-18,5752.81
2011-07-19,5789.99
2011-07-20,5853.82
2011-07-21,5899.89
2011-07-22,5935.02
2011-07-25,5925.26
2011-07-26,5929.73
2011-07-27,5856.58
2011-07-28,5873.21
2011-07-29,5815.19
2011-08-01,5774.43
2011-08-02,5718.39
2011-08-03,5584.51
2011-08-04,5393.14
2011-08-05,5068.95
2011-08-08,5077.5
2011-08-09,5164.92
2011-08-10,5007.16
2011-08-11,5168.24
2011-08-12,5320.03
2011-08-15,5350.58
2011-08-16,5357.63
2011-08-17,5331.6
2011-08-18,5092.23
2011-08-19,5040.76
2011-08-22,5095.3
2011-08-23,5129.42
2011-08-24,5205.85
2011-08-25,5131.1
2011-08-26,5129.92
2011-08-30,5268.66
2011-08-31,5394.53
2011-09-01,5418.65
2011-09-02,5292.03
2011-09-05,5102.58
2011-09-06,5156.84
2011-09-07,5318.59
2011-09-08,5340.38
2011-09-09,5214.65
2011-09-12,5129.62
2011-09-13,5174.25
2011-09-14,5227.02
2011-09-15,5337.54
2011-09-16,5368.41
2011-09-19,5259.56
2011-09-20,5363.71
2011-09-21,5288.41
2011-09-22,5041.61
2011-09-23,5066.81
2011-09-26,5089.37
2011-09-27,5294.05
2011-09-28,5217.63
2011-09-29,5196.84
2011-09-30,5128.48
2011-10-03,5075.5
2011-10-04,4944.44
2011-10-05,5102.17
2011-10-06,5291.26
2011-10-07,5303.4
2011-10-10,5399.0
2011-10-11,5395.7
2011-10-12,5441.8
2011-10-13,5403.38
2011-10-14,5466.36
2011-10-17,5436.7
2011-10-18,5410.35
2011-10-19,5450.49
2011-10-20,5384.68
2011-10-21,5488.65
2011-10-24,5548.06
2011-10-25,5525.54
2011-10-26,5553.24
2011-10-27,5713.82
2011-10-28,5702.24
2011-10-31,5544.22
2011-11-01,5421.57
2011-11-02,5484.1
2011-11-03,5545.64
2011-11-04,5527.16
2011-11-07,5510.82
2011-11-08,5567.34
2011-11-09,5460.38
2011-11-10,5444.82
2011-11-11,5545.38
2011-11-14,5519.04
2011-11-15,5517.44
2011-11-16,5509.02
2011-11-17,5423.14
2011-11-18,5362.94
2011-11-21,5222.6
2011-11-22,5206.82
2011-11-23,5139.78
2011-11-24,5127.57
2011-11-25,5164.65
2011-11-28,5312.76
2011-11-29,5337.0
2011-11-30,5505.42
2011-12-01,5489.34
2011-12-02,5552.29
2011-12-05,5567.96
2011-12-06,5568.72
2011-12-07,5546.91
2011-12-08,5483.77
2011-12-09,5529.21
2011-12-12,5427.86
2011-12-13,5490.15
2011-12-14,5366.8
2011-12-15,5400.85
2011-12-16,5387.34
2011-12-19,5364.99
2011-12-20,5419.6
2011-12-21,5389.74
2011-12-22,5456.97
2011-12-23,5512.7
2011-12-28,5507.4
2011-12-29,5566.77
2011-12-30,5572.28
2012-01-03,5699.91
2012-01-04,5668.45
2012-01-05,5624.26
2012-01-06,5649.68
2012-01-09,5612.26
2012-01-10,5696.7
2012-01-11,5670.82
2012-01-12,5662.42
2012-01-13,5636.64
2012-01-16,5657.44
2012-01-17,5693.95
2012-01-18,5702.37
2012-01-19,5741.15
2012-01-20,5728.55
2012-01-23,5782.56
2012-01-24,5751.9
2012-01-25,5723.0
2012-01-26,5795.2
2012-01-27,5733.45
2012-01-30,5671.09
2012-01-31,5681.61
2012-02-01,5790.72
2012-02-02,5796.07
2012-02-03,5901.07
2012-02-06,5892.2
2012-02-07,5890.26
2012-02-08,5875.93
2012-02-09,5895.47
2012-02-10,5852.39
2012-02-13,5905.7
2012-02-14,5899.87
2012-02-15,5892.16
2012-02-16,5885.38
2012-02-17,5905.07
2012-02-20,5945.25
2012-02-21,5928.2
2012-02-22,5916.55
2012-02-23,5937.89
2012-02-24,5935.13
2012-02-27,5915.55
2012-02-28,5927.91
2012-02-29,5871.51
2012-03-01,5931.25
2012-03-02,5911.13
2012-03-05,5874.82
2012-03-06,5765.8
2012-03-07,5791.41
2012-03-08,5859.73
2012-03-09,5887.49
2012-03-12,5892.75
2012-03-13,5955.91
2012-03-14,5945.43
2012-03-15,5940.72
2012-03-16,5965.58
2012-03-19,5961.11
2012-03-20,5891.41
2012-03-21,5891.95
2012-03-22,5845.65
2012-03-23,5854.89
2012-03-26,5902.7
2012-03-27,5869.55
2012-03-28,5808.99
2012-03-29,5742.03
2012-03-30,5768.45
2012-04-02,5874.89
2012-04-03,5838.34
2012-04-04,5703.77
2012-04-05,5723.67
2012-04-10,5595.55
2012-04-11,5634.74
2012-04-12,5710.46
2012-04-13,5651.79
2012-04-16,5666.28
2012-04-17,5766.95
2012-04-18,5745.29
2012-04-19,5744.55
2012-04-20,5772.15
2012-04-23,5665.57
2012-04-24,5709.49
2012-04-25,5718.89
2012-04-26,5748.72
2012-04-27,5777.11
2012-04-30,5737.78
2012-05-01,5812.23
2012-05-02,5758.11
2012-05-03,5766.55
2012-05-04,5655.06
2012-05-08,5554.55
2012-05-09,5530.05
2012-05-10,5543.95
2012-05-11,5575.52
2012-05-14,5465.52
2012-05-15,5437.62
2012-05-16,5405.25
2012-05-17,5338.38
2012-05-18,5267.62
2012-05-21,5304.48
2012-05-22,5403.28
2012-05-23,5266.41
2012-05-24,5350.05
2012-05-25,5351.53
2012-05-28,5356.34
2012-05-29,5391.14
2012-05-30,5297.28
2012-05-31,5320.86
2012-06-01,5260.19
2012-06-06,5384.11
2012-06-07,5447.79
2012-06-08,5435.08
2012-06-11,5432.37
2012-06-12,5473.74
2012-06-13,5483.81
2012-06-14,5467.05
2012-06-15,5478.81
2012-06-18,5491.09
2012-06-19,5586.31
2012-06-20,5622.29
2012-06-21,5566.36
2012-06-22,5513.69
2012-06-25,5450.65
2012-06-26,5446.96
2012-06-27,5523.92
2012-06-28,5493.06
2012-06-29,5571.15
2012-07-02,5640.64
2012-07-03,5687.73
2012-07-04,5684.47
2012-07-05,5692.63
2012-07-06,5662.63
2012-07-09,5627.33
2012-07-10,5664.07
2012-07-11,5664.48
2012-07-12,5608.25
2012-07-13,5666.13
2012-07-16,5662.43
2012-07-17,5629.09
2012-07-18,5685.77
2012-07-19,5714.19
2012-07-20,5651.77
2012-07-23,5533.87
2012-07-24,5499.23
2012-07-25,5498.32
2012-07-26,5573.16
2012-07-27,5627.21
2012-07-30,5693.63
2012-07-31,5635.28
2012-08-01,5712.82
2012-08-02,5662.3
2012-08-03,5787.28
2012-08-06,5808.77
2012-08-07,5841.24
2012-08-08,5845.92
2012-08-09,5851.51
2012-08-10,5847.11
2012-08-13,5831.88
2012-08-14,5864.78
2012-08-15,5833.04
2012-08-16,5834.51
2012-08-17,5852.42
2012-08-20,5824.37
2012-08-21,5857.52
2012-08-22,5774.2
2012-08-23,5776.6
2012-08-24,5776.6
2012-08-28,5775.71
2012-08-29,5743.53
2012-08-30,5719.45
2012-08-31,5711.48
2012-09-03,5758.41
2012-09-04,5672.01
2012-09-05,5657.86
2012-09-06,5777.34
2012-09-07,5794.8
2012-09-10,5793.2
2012-09-11,5792.19
2012-09-12,5782.08
2012-09-13,5819.92
2012-09-14,5915.55
2012-09-17,5893.52
2012-09-18,5868.16
2012-09-19,5888.48
2012-09-20,5854.64
2012-09-21,5852.62
2012-09-24,5838.84
2012-09-25,5859.71
2012-09-26,5768.09
2012-09-27,5779.42
2012-09-28,5742.07
2012-10-01,5820.45
2012-10-02,5809.45
2012-10-03,5825.81
2012-10-04,5827.78
2012-10-05,5871.02
2012-10-08,5841.74
2012-10-09,5810.25
2012-10-10,5776.71
2012-10-11,5829.75
2012-10-12,5793.32
2012-10-15,5805.61
2012-10-16,5870.54
2012-10-17,5910.91
2012-10-18,5917.05
2012-10-19,5896.15
2012-10-22,5882.91
2012-10-23,5797.91
2012-10-24,5804.78
2012-10-25,5805.05
2012-10-26,5806.71
2012-10-29,5795.1
2012-10-30,5849.9
2012-10-31,5782.7
2012-11-01,5861.92
2012-11-02,5868.55
2012-11-05,5839.06
2012-11-06,5884.9
2012-11-07,5791.63
2012-11-08,5776.05
2012-11-09,5769.68
2012-11-12,5767.27
2012-11-13,5786.25
2012-11-14,5722.01
2012-11-15,5677.75
2012-11-16,5605.59
2012-11-19,5737.66
2012-11-20,5748.1
2012-11-21,5752.03
2012-11-22,5791.03
2012-11-23,5819.14
2012-11-26,5786.72
2012-11-27,5799.71
2012-11-28,5803.28
2012-11-29,5870.3
2012-11-30,5866.82
2012-12-03,5871.24
2012-12-04,5869.04
2012-12-05,5892.08
2012-12-06,5901.42
2012-12-07,5914.4
2012-12-10,5921.63
2012-12-11,5924.97
2012-12-12,5945.85
2012-12-13,5929.61
2012-12-14,5921.76
2012-12-17,5912.15
2012-12-18,5935.9
2012-12-19,5961.59
2012-12-20,5958.34
2012-12-21,5939.99
2012-12-24,5954.18
2012-12-27,5954.3
2012-12-28,5925.37
2012-12-31,5897.81
2013-01-02,6027.37
2013-01-03,6047.34
2013-01-04,6089.84
2013-01-07,6064.58
2013-01-08,6053.63
2013-01-09,6098.65
2013-01-10,6101.51
2013-01-11,6121.58
2013-01-14,6107.86
2013-01-15,6117.31
2013-01-16,6103.98
2013-01-17,6132.36
2013-01-18,6154.41
2013-01-21,6180.98
2013-01-22,6179.17
2013-01-23,6197.64
2013-01-24,6264.91
2013-01-25,6284.45
2013-01-28,6294.41
2013-01-29,6339.19
2013-01-30,6323.11
2013-01-31,6276.88
2013-02-01,6347.24
2013-02-04,6246.84
2013-02-05,6282.76
2013-02-06,6295.34
2013-02-07,6228.42
2013-02-08,6263.93
2013-02-11,6277.06
2013-02-12,6338.38
2013-02-13,6359.11
2013-02-14,6327.36
2013-02-15,6328.26
2013-02-18,6318.19
2013-02-19,6379.07
2013-02-20,6395.37
2013-02-21,6291.54
2013-02-22,6335.7
2013-02-25,6355.37
2013-02-26,6270.44
2013-02-27,6325.88
2013-02-28,6360.81
2013-03-01,6378.6
2013-03-04,6345.63
2013-03-05,6431.95
2013-03-06,6427.64
2013-03-07,6439.16
2013-03-08,6483.58
2013-03-11,6503.63
2013-03-12,6510.62
2013-03-13,6481.5
2013-03-14,6529.41
2013-03-15,6489.65
2013-03-18,6457.92
2013-03-19,6441.32
2013-03-20,6432.7
2013-03-21,6388.55
2013-03-22,6392.76
2013-03-25,6378.38
2013-03-26,6399.37
2013-03-27,6387.56
2013-03-28,6411.74
2013-04-02,6490.66
2013-04-03,6420.28
2013-04-04,6344.12
2013-04-05,6249.78
2013-04-08,6276.94
2013-04-09,6313.21
2013-04-10,6387.37
2013-04-11,6416.14
2013-04-12,6384.39
2013-04-15,6343.6
2013-04-16,6304.58
2013-04-17,6244.21
2013-04-18,6243.67
2013-04-19,6286.59
2013-04-22,6280.62
2013-04-23,6406.12
2013-04-24,6431.76
2013-04-25,6442.59
2013-04-26,6426.42
2013-04-29,6458.02
2013-04-30,6430.12
2013-05-01,6451.29
2013-05-02,6460.71
2013-05-03,6521.46
2013-05-07,6557.3
2013-05-08,6583.48
2013-05-09,6592.74
2013-05-10,6624.98
2013-05-13,6631.76
2013-05-14,6686.06
2013-05-15,6693.55
2013-05-16,6687.8
2013-05-17,6723.06
2013-05-20,6755.63
2013-05-21,6803.87
2013-05-22,6840.27
2013-05-23,6696.79
2013-05-24,6654.34
2013-05-28,6762.01
2013-05-29,6627.17
2013-05-30,6656.99
2013-05-31,6583.09
2013-06-03,6525.12
2013-06-04,6558.58
2013-06-05,6419.31
2013-06-06,6336.11
2013-06-07,6411.99
2013-06-10,6400.45
2013-06-11,6340.08
2013-06-12,6299.45
2013-06-13,6304.63
2013-06-14,6308.26
2013-06-17,6330.49
2013-06-18,6374.21
2013-06-19,6348.82
2013-06-20,6159.51
2013-06-21,6116.17
2013-06-24,6029.1
2013-06-25,6101.91
2013-06-26,6165.48
2013-06-27,6243.4
2013-06-28,6215.47
2013-07-01,6307.78
2013-07-02,6303.94
2013-07-03,6229.87
2013-07-04,6421.67
2013-07-05,6375.52
2013-07-08,6450.07
2013-07-09,6513.08
2013-07-10,6504.96
2013-07-11,6543.41
2013-07-12,6544.94
2013-07-15,6586.11
2013-07-16,6556.35
2013-07-17,6571.93
2013-07-18,6634.36
2013-07-19,6630.67
2013-07-22,6623.17
2013-07-23,6597.44
2013-07-24,6620.43
2013-07-25,6587.95
2013-07-26,6554.79
2013-07-29,6560.25
2013-07-30,6570.95
2013-07-31,6621.06
2013-08-01,6681.98
2013-08-02,6647.87
2013-08-05,6619.58
2013-08-06,6604.21
2013-08-07,6511.21
2013-08-08,6529.68
2013-08-09,6583.39
2013-08-12,6574.34
2013-08-13,6611.94
2013-08-14,6587.43
2013-08-15,6483.34
2013-08-16,6499.99
2013-08-19,6465.73
2013-08-20,6453.46
2013-08-21,6390.84
2013-08-22,6446.87
2013-08-23,6492.1
2013-08-27,6440.97
2013-08-28,6430.06
2013-08-29,6483.05
2013-08-30,6412.93
2013-09-02,6506.19
2013-09-03,6468.41
2013-09-04,6474.74
2013-09-05,6532.44
2013-09-06,6547.33
2013-09-09,6530.74
2013-09-10,6583.99
2013-09-11,6588.43
2013-09-12,6588.98
2013-09-13,6583.8
2013-09-16,6622.86
2013-09-17,6570.17
2013-09-18,6558.82
2013-09-19,6625.39
2013-09-20,6596.43
2013-09-23,6557.37
2013-09-24,6571.46
2013-09-25,6551.53
2013-09-26,6565.59
2013-09-27,6512.66
2013-09-30,6462.22
2013-10-01,6460.01
2013-10-02,6437.5
2013-10-03,6449.04
2013-10-04,6453.88
2013-10-07,6437.28
2013-10-08,6365.83
2013-10-09,6337.91
2013-10-10,6430.49
2013-10-11,6487.19
2013-10-14,6507.65
2013-10-15,6549.11
2013-10-16,6571.59
2013-10-17,6576.16
2013-10-18,6622.58
2013-10-21,6654.2
2013-10-22,6695.66
2013-10-23,6674.48
2013-10-24,6713.18
2013-10-25,6721.34
2013-10-28,6725.82
2013-10-29,6774.73
2013-10-30,6777.7
2013-10-31,6731.43
2013-11-01,6734.74
2013-11-04,6763.62
2013-11-05,6746.84
2013-11-06,6741.69
2013-11-07,6697.22
2013-11-08,6708.42
2013-11-11,6728.37
2013-11-12,6726.79
2013-11-13,6630.0
2013-11-14,6666.13
2013-11-15,6693.44
2013-11-18,6723.46
2013-11-19,6698.01
2013-11-20,6681.08
2013-11-21,6681.33
2013-11-22,6674.3
2013-11-25,6694.62
2013-11-26,6636.22
2013-11-27,6649.47
2013-11-28,6654.47
2013-11-29,6650.57
2013-12-02,6595.33
2013-12-03,6532.43
2013-12-04,6509.97
2013-12-05,6498.33
2013-12-06,6551.99
2013-12-09,6559.48
2013-12-10,6523.31
2013-12-11,6507.72
2013-12-12,6445.25
2013-12-13,6439.96
2013-12-16,6522.2
2013-12-17,6486.19
2013-12-18,6492.08
2013-12-19,6584.7
2013-12-20,6606.58
2013-12-23,6678.61
2013-12-24,6694.17
2013-12-27,6750.87
2013-12-30,6731.27
2013-12-31,6749.09
2014-01-02,6717.91
2014-01-03,6730.67
2014-01-06,6730.73
2014-01-07,6755.45
2014-01-08,6721.78
2014-01-09,6691.34
2014-01-10,6739.94
2014-01-13,6757.15
2014-01-14,6766.86
2014-01-15,6819.86
2014-01-16,6815.42
2014-01-17,6829.3
2014-01-20,6836.73
2014-01-21,6834.26
2014-01-22,6826.33
2014-01-23,6773.28
2014-01-24,6663.74
2014-01-27,6550.66
2014-01-28,6572.33
2014-01-29,6544.28
2014-01-30,6538.45
2014-01-31,6510.44
2014-02-03,6465.66
2014-02-04,6449.27
2014-02-05,6457.89
2014-02-06,6558.28
2014-02-07,6571.68
2014-02-10,6591.55
2014-02-11,6672.66
2014-02-12,6675.03
2014-02-13,6659.42
2014-02-14,6663.62
2014-02-17,6736.0
2014-02-18,6796.43
2014-02-19,6796.71
2014-02-20,6812.99
2014-02-21,6838.06
2014-02-24,6865.86
2014-02-25,6830.5
2014-02-26,6799.15
2014-02-27,6810.27
2014-02-28,6809.7
2014-03-03,6708.35
2014-03-04,6823.77
2014-03-05,6775.42
2014-03-06,6788.49
2014-03-07,6712.67
2014-03-10,6689.45
2014-03-11,6685.52
2014-03-12,6620.9
2014-03-13,6553.78
2014-03-14,6527.89
2014-03-17,6568.35
2014-03-18,6605.28
2014-03-19,6573.13
2014-03-20,6542.44
2014-03-21,6557.17
2014-03-24,6520.39
2014-03-25,6604.89
2014-03-26,6605.3
2014-03-27,6588.32
2014-03-28,6615.58
2014-03-31,6598.37
2014-04-01,6652.61
2014-04-02,6659.04
2014-04-03,6649.14
2014-04-04,6695.55
2014-04-07,6622.84
2014-04-08,6590.69
2014-04-09,6635.61
2014-04-10,6641.97
2014-04-11,6561.7
2014-04-14,6583.76
2014-04-15,6541.61
2014-04-16,6584.17
2014-04-17,6625.25
2014-04-22,6681.76
2014-04-23,6674.74
2014-04-24,6703.0
2014-04-25,6685.69
2014-04-28,6700.16
2014-04-29,6769.91
2014-04-30,6780.03
2014-05-01,6808.87
2014-05-02,6822.42
2014-05-06,6798.56
2014-05-07,6796.44
2014-05-08,6839.25
2014-05-09,6814.57
2014-05-12,6851.75
2014-05-13,6873.08
2014-05-14,6878.49
2014-05-15,6840.89
2014-05-16,6855.81
2014-05-19,6844.55
2014-05-20,6802.0
2014-05-21,6821.04
2014-05-22,6820.56
2014-05-23,6815.75
2014-05-27,6844.94
2014-05-28,6851.22
2014-05-29,6871.29
2014-05-30,6844.51
2014-06-02,6864.1
2014-06-03,6836.3
2014-06-04,6818.63
2014-06-05,6813.49
2014-06-06,6858.21
2014-06-09,6875.0
2014-06-10,6873.55
2014-06-11,6838.87
2014-06-12,6843.11
2014-06-13,6777.85
2014-06-16,6754.64
2014-06-17,6766.77
2014-06-18,6778.56
2014-06-19,6808.11
2014-06-20,6825.2
2014-06-23,6800.56
2014-06-24,6787.07
2014-06-25,6733.62
2014-06-26,6735.12
2014-06-27,6757.77
2014-06-30,6743.94
2014-07-01,6802.92
2014-07-02,6816.37
2014-07-03,6865.21
2014-07-04,6866.05
2014-07-07,6823.51
2014-07-08,6738.45
2014-07-09,6718.04
2014-07-10,6672.37
2014-07-11,6690.17
2014-07-14,6746.14
2014-07-15,6710.45
2014-07-16,6784.67
2014-07-17,6738.32
2014-07-18,6749.45
2014-07-21,6728.44
2014-07-22,6795.34
2014-07-23,6798.15
2014-07-24,6821.46
2014-07-25,6791.55
2014-07-28,6788.07
2014-07-29,6807.75
2014-07-30,6773.44
2014-07-31,6730.11
2014-08-01,6679.18
2014-08-04,6677.52
2014-08-05,6682.48
2014-08-06,6636.16
2014-08-07,6597.37
2014-08-08,6567.36
2014-08-11,6632.82
2014-08-12,6632.42
2014-08-13,6656.68
2014-08-14,6685.26
2014-08-15,6689.08
2014-08-18,6741.25
2014-08-19,6779.31
2014-08-20,6755.48
2014-08-21,6777.66
2014-08-22,6775.25
2014-08-26,6822.76
2014-08-27,6830.66
2014-08-28,6805.8
2014-08-29,6819.75
2014-09-01,6825.31
2014-09-02,6829.17
2014-09-03,6873.58
2014-09-04,6877.97
2014-09-05,6855.1
2014-09-08,6834.77
2014-09-09,6829.0
2014-09-10,6830.11
2014-09-11,6799.62
2014-09-12,6806.96
2014-09-15,6804.21
2014-09-16,6792.24
2014-09-17,6780.9
2014-09-18,6819.29
2014-09-19,6837.92
2014-09-22,6773.63
2014-09-23,6676.08
2014-09-24,6706.27
2014-09-25,6639.71
2014-09-26,6649.39
2014-09-29,6646.6
2014-09-30,6622.72
2014-10-01,6557.52
2014-10-02,6446.39
2014-10-03,6527.91
2014-10-06,6563.65
2014-10-07,6495.58
2014-10-08,6482.24
2014-10-09,6431.85
2014-10-10,6339.97
2014-10-13,6366.24
2014-10-14,6392.68
2014-10-15,6211.64
2014-10-16,6195.91
2014-10-17,6310.29
2014-10-20,6267.07
2014-10-21,6372.33
2014-10-22,6399.73
2014-10-23,6419.15
2014-10-24,6388.73
2014-10-27,6363.46
2014-10-28,6402.17
2014-10-29,6453.87
2014-10-30,6463.55
2014-10-31,6546.47
2014-11-03,6487.97
2014-11-04,6453.97
2014-11-05,6539.14
2014-11-06,6551.15
2014-11-07,6567.24
2014-11-10,6611.25
2014-11-11,6627.4
2014-11-12,6611.04
2014-11-13,6635.45
2014-11-14,6654.37
2014-11-17,6671.97
2014-11-18,6709.13
2014-11-19,6696.6
2014-11-20,6678.9
2014-11-21,6750.76
2014-11-24,6729.79
2014-11-25,6731.14
2014-11-26,6729.17
2014-11-27,6723.42
2014-11-28,6722.62
2014-12-01,6656.37
2014-12-02,6742.1
2014-12-03,6716.63
2014-12-04,6679.37
2014-12-05,6742.84
2014-12-08,6672.15
2014-12-09,6529.47
2014-12-10,6500.04
2014-12-11,6461.7
2014-12-12,6300.63
2014-12-15,6182.72
2014-12-16,6331.83
2014-12-17,6336.48
2014-12-18,6466.0
2014-12-19,6545.27
2014-12-22,6576.74
2014-12-23,6598.18
2014-12-24,6609.93
2014-12-29,6633.51
2014-12-30,6547.0
2014-12-31,6566.09
2015-01-02,6547.8
2015-01-05,6417.16
2015-01-06,6366.51
2015-01-07,6419.83
2015-01-08,6569.96
2015-01-09,6501.14
2015-01-12,6501.42
2015-01-13,6542.2
2015-01-14,6388.46
2015-01-15,6498.78
2015-01-16,6550.27
2015-01-19,6585.53
2015-01-20,6620.1
2015-01-21,6728.04
2015-01-22,6796.63
2015-01-23,6832.83
2015-01-26,6852.4
2015-01-27,6811.61
2015-01-28,6825.94
2015-01-29,6810.6
2015-01-30,6749.4
2015-02-02,6782.55
2015-02-03,6871.8
2015-02-04,6860.02
2015-02-05,6865.93
2015-02-06,6853.44
2015-02-09,6837.15
2015-02-10,6829.12
2015-02-11,6818.17
2015-02-12,6828.11
2015-02-13,6873.52
2015-02-16,6857.05
2015-02-17,6898.13
2015-02-18,6898.08
2015-02-19,6888.9
2015-02-20,6915.2
2015-02-23,6912.16
2015-02-24,6949.63
2015-02-25,6935.38
2015-02-26,6949.73
2015-02-27,6946.66
2015-03-02,6940.64
2015-03-03,6889.13
2015-03-04,6919.24
2015-03-05,6961.14
2015-03-06,6911.8
2015-03-09,6876.47
2015-03-10,6702.84
2015-03-11,6721.51
2015-03-12,6761.07
2015-03-13,6740.58
2015-03-16,6804.08
2015-03-17,6837.61
2015-03-18,6945.2
2015-03-19,6962.32
2015-03-20,7022.51
2015-03-23,7037.67
2015-03-24,7019.68
2015-03-25,6990.97
2015-03-26,6895.33
2015-03-27,6855.02
2015-03-30,6891.43
2015-03-31,6773.04
2015-04-01,6809.5
2015-04-02,6833.46
2015-04-07,6961.77
2015-04-08,6937.41
2015-04-09,7015.36
2015-04-10,7089.77
2015-04-13,7064.3
2015-04-14,7075.26
2015-04-15,7096.78
2015-04-16,7060.45
2015-04-17,6994.63
2015-04-20,7052.13
2015-04-21,7062.93
2015-04-22,7028.24
2015-04-23,7053.67
2015-04-24,7070.7
2015-04-27,7103.98
2015-04-28,7030.53
2015-04-29,6946.28
2015-04-30,6960.63
2015-05-01,6985.95
2015-05-05,6927.58
2015-05-06,6933.74
2015-05-07,6886.95
2015-05-08,7046.82
2015-05-11,7029.85
2015-05-12,6933.8
2015-05-13,6949.63
2015-05-14,6973.04
2015-05-15,6960.49
2015-05-18,6968.87
2015-05-19,6995.1
2015-05-20,7007.26
2015-05-21,7013.47
2015-05-22,7031.72
2015-05-26,6948.99
2015-05-27,7033.33
2015-05-28,7040.92
2015-05-29,6984.43
2015-06-01,6953.58
2015-06-02,6928.27
2015-06-03,6950.46
2015-06-04,6859.24
2015-06-05,6804.6
2015-06-08,6790.04
2015-06-09,6753.8
2015-06-10,6830.27
2015-06-11,6846.74
2015-06-12,6784.92
2015-06-15,6710.52
2015-06-16,6710.1
2015-06-17,6680.55
2015-06-18,6707.88
2015-06-19,6710.45
2015-06-22,6825.67
2015-06-23,6834.87
2015-06-24,6844.8
2015-06-25,6807.82
2015-06-26,6753.7
2015-06-29,6620.48
2015-06-30,6520.98
2015-07-01,6608.59
2015-07-02,6630.47
2015-07-03,6585.78
2015-07-06,6535.68
2015-07-07,6432.21
2015-07-08,6490.7
2015-07-09,6581.63
2015-07-10,6673.38
2015-07-13,6737.95
2015-07-14,6753.75
2015-07-15,6753.75
2015-07-16,6796.45
2015-07-17,6775.08
2015-07-20,6788.69
2015-07-21,6769.07
2015-07-22,6667.34
2015-07-23,6655.01
2015-07-24,6579.81
2015-07-27,6505.13
2015-07-28,6555.28
2015-07-29,6631.0
2015-07-30,6668.87
2015-07-31,6696.28
2015-08-03,6688.62
2015-08-04,6686.57
2015-08-05,6752.41
2015-08-06,6747.09
2015-08-07,6718.49
2015-08-10,6736.22
2015-08-11,6664.54
2015-08-12,6571.19
2015-08-13,6568.33
2015-08-14,6550.74
2015-08-17,6550.3
2015-08-18,6526.29
2015-08-19,6403.45
2015-08-20,6367.89
2015-08-21,6187.65
2015-08-24,5898.87
2015-08-25,6081.34
2015-08-26,5979.2
2015-08-27,6192.03
2015-08-28,6247.94
2015-09-01,6058.54
2015-09-02,6083.31
2015-09-03,6194.1
2015-09-04,6042.92
2015-09-07,6074.52
2015-09-08,6146.1
2015-09-09,6229.01
2015-09-10,6155.81
2015-09-11,6117.76
2015-09-14,6084.59
2015-09-15,6137.6
2015-09-16,6229.21
2015-09-17,6186.99
2015-09-18,6104.11
2015-09-21,6108.71
2015-09-22,5935.84
2015-09-23,6032.24
2015-09-24,5961.49
2015-09-25,6109.01
2015-09-28,5958.86
2015-09-29,5909.24
2015-09-30,6061.61
2015-10-01,6072.47
2015-10-02,6129.98
2015-10-05,6298.92
2015-10-06,6326.16
2015-10-07,6336.35
2015-10-08,6374.82
2015-10-09,6416.16
2015-10-12,6371.18
2015-10-13,6342.28
2015-10-14,6269.61
2015-10-15,6338.67
2015-10-16,6378.04
2015-10-19,6352.33
2015-10-20,6345.13
2015-10-21,6348.42
2015-10-22,6376.28
2015-10-23,6444.08
2015-10-26,6417.02
2015-10-27,6365.27
2015-10-28,6437.8
2015-10-29,6395.8
2015-10-30,6361.09
2015-11-02,6361.8
2015-11-03,6383.61
2015-11-04,6412.88
2015-11-05,6364.9
2015-11-06,6353.83
2015-11-09,6295.16
2015-11-10,6275.28
2015-11-11,6297.2
2015-11-12,6178.68
2015-11-13,6118.28
2015-11-16,6146.38
2015-11-17,6268.76
2015-11-18,6278.97
2015-11-19,6329.93
2015-11-20,6334.63
2015-11-23,6305.49
2015-11-24,6277.23
2015-11-25,6337.64
2015-11-26,6393.13
2015-11-27,6375.15
2015-11-30,6356.09
2015-12-01,6395.65
2015-12-02,6420.93
2015-12-03,6275.0
2015-12-04,6238.29
2015-12-07,6223.52
2015-12-08,6135.22
2015-12-09,6126.68
2015-12-10,6088.05
2015-12-11,5952.78
2015-12-14,5874.06
2015-12-15,6017.79
2015-12-16,6061.19
2015-12-17,6102.54
2015-12-18,6052.42
2015-12-21,6034.84
2015-12-22,6083.1
2015-12-23,6240.98
2015-12-24,6254.64
2015-12-29,6314.57
2015-12-30,6274.05
2015-12-31,6242.32
2016-01-04,6093.43
2016-01-05,6137.24
2016-01-06,6073.38
2016-01-07,5954.08
2016-01-08,5912.44
2016-01-11,5871.83
2016-01-12,5929.24
2016-01-13,5960.97
2016-01-14,5918.23
2016-01-15,5804.1
2016-01-18,5779.92
2016-01-19,5876.8
2016-01-20,5673.58
2016-01-21,5773.79
2016-01-22,5900.01
2016-01-25,5877.0
2016-01-26,5911.46
2016-01-27,5990.37
2016-01-28,5931.78
2016-01-29,6083.79
2016-02-01,6060.1
2016-02-02,5922.01
2016-02-03,5837.14
2016-02-04,5898.76
2016-02-05,5848.06
2016-02-08,5689.36
2016-02-09,5632.19
2016-02-10,5672.3
2016-02-11,5536.97
2016-02-12,5707.6
2016-02-15,5824.28
2016-02-16,5862.17
2016-02-17,6030.32
2016-02-18,5971.95
2016-02-19,5950.23
2016-02-22,6037.73
2016-02-23,5962.31
2016-02-24,5867.18
2016-02-25,6012.81
2016-02-26,6096.01
2016-02-29,6097.09
2016-03-01,6152.88
2016-03-02,6147.06
2016-03-03,6130.46
2016-03-04,6199.43
2016-03-07,6182.4
2016-03-08,6125.44
2016-03-09,6146.32
2016-03-10,6036.7
2016-03-11,6139.79
2016-03-14,6174.57
2016-03-15,6139.97
2016-03-16,6175.49
2016-03-17,6201.12
2016-03-18,6189.64
2016-03-21,6184.58
2016-03-22,6192.74
2016-03-23,6199.11
2016-03-24,6106.48
2016-03-29,6105.9
2016-03-30,6203.17
2016-03-31,6174.9
2016-04-01,6146.05
2016-04-04,6164.72
2016-04-05,6091.23
2016-04-06,6161.63
2016-04-07,6136.89
2016-04-08,6204.41
2016-04-11,6200.12
2016-04-12,6242.39
2016-04-13,6362.89
2016-04-14,6365.1
2016-04-15,6343.75
2016-04-18,6353.52
2016-04-19,6405.35
2016-04-20,6410.26
2016-04-21,6381.44
2016-04-22,6310.44
2016-04-25,6260.92
2016-04-26,6284.52
2016-04-27,6319.91
2016-04-28,6322.4
2016-04-29,6241.89
2016-05-03,6185.59
2016-05-04,6112.02
2016-05-05,6117.25
2016-05-06,6125.7
2016-05-09,6114.81
2016-05-10,6156.65
2016-05-11,6162.49
2016-05-12,6104.19
2016-05-13,6138.5
2016-05-16,6151.4
2016-05-17,6167.77
2016-05-18,6165.8
2016-05-19,6053.35
2016-05-20,6156.32
2016-05-23,6136.43
2016-05-24,6219.26
2016-05-25,6262.85
2016-05-26,6265.65
2016-05-27,6270.79
2016-05-31,6230.79
2016-06-01,6191.93
2016-06-02,6185.61
2016-06-03,6209.63
2016-06-06,6273.4
2016-06-07,6284.53
2016-06-08,6301.52
2016-06-09,6231.89
2016-06-10,6115.76
2016-06-13,6044.97
2016-06-14,5923.53
2016-06-15,5966.8
2016-06-16,5950.48
2016-06-17,6021.09
2016-06-20,6204.0
2016-06-21,6226.55
2016-06-22,6261.19
2016-06-23,6338.1
2016-06-24,6138.69
2016-06-27,5982.2
2016-06-28,6140.39
2016-06-29,6360.06
2016-06-30,6504.33
2016-07-01,6577.83
2016-07-04,6522.26
2016-07-05,6545.37
2016-07-06,6463.59
2016-07-07,6533.79
2016-07-08,6590.64
2016-07-11,6682.86
2016-07-12,6680.69
2016-07-13,6670.4
2016-07-14,6654.47
2016-07-15,6669.24
2016-07-18,6695.42
2016-07-19,6697.37
2016-07-20,6728.99
2016-07-21,6699.89
2016-07-22,6730.48
2016-07-25,6710.13
2016-07-26,6724.03
2016-07-27,6750.43
2016-07-28,6721.06
2016-07-29,6724.43
2016-08-01,6693.95
2016-08-02,6645.4
2016-08-03,6634.4
2016-08-04,6740.16
2016-08-05,6793.47
2016-08-08,6809.13
2016-08-09,6851.3
2016-08-10,6866.42
2016-08-11,6914.71
2016-08-12,6916.02
2016-08-15,6941.19
2016-08-16,6893.92
2016-08-17,6859.15
2016-08-18,6868.96
2016-08-19,6858.95
2016-08-22,6828.54
2016-08-23,6868.51
2016-08-24,6835.78
2016-08-25,6816.9
2016-08-26,6838.05
2016-08-30,6820.79
2016-08-31,6781.51
2016-09-01,6745.97
2016-09-02,6894.6
2016-09-05,6879.42
2016-09-06,6826.05
2016-09-07,6846.58
2016-09-08,6858.7
2016-09-09,6776.95
2016-09-12,6700.9
2016-09-13,6665.63
2016-09-14,6673.31
2016-09-15,6730.3
2016-09-16,6710.28
2016-09-19,6813.55
2016-09-20,6830.79
2016-09-21,6834.77
2016-09-22,6911.4
2016-09-23,6909.43
2016-09-26,6818.04
2016-09-27,6807.67
2016-09-28,6849.38
2016-09-29,6919.42
2016-09-30,6899.33
2016-10-03,6983.52
2016-10-04,7074.34
2016-10-05,7033.25
2016-10-06,6999.96
2016-10-07,7044.39
2016-10-10,7097.5
2016-10-11,7070.88
2016-10-12,7024.01
2016-10-13,6977.74
2016-10-14,7013.55
2016-10-17,6947.55
2016-10-18,7000.06
2016-10-19,7021.92
2016-10-20,7026.9
2016-10-21,7020.47
2016-10-24,6986.4
2016-10-25,7017.64
2016-10-26,6958.09
2016-10-27,6986.57
2016-10-28,6996.26
2016-10-31,6954.22
2016-11-01,6917.14
2016-11-02,6845.42
2016-11-03,6790.51
2016-11-04,6693.26
2016-11-07,6806.9
2016-11-08,6843.13
2016-11-09,6911.84
2016-11-10,6827.98
2016-11-11,6730.43
2016-11-14,6753.18
2016-11-15,6792.74
2016-11-16,6749.72
2016-11-17,6794.71
2016-11-18,6775.77
2016-11-21,6777.96
2016-11-22,6819.72
2016-11-23,6817.71
2016-11-24,6829.2
2016-11-25,6840.75
2016-11-28,6799.47
2016-11-29,6772.0
2016-11-30,6783.79
2016-12-01,6752.93
2016-12-02,6730.72
2016-12-05,6746.83
2016-12-06,6779.84
2016-12-07,6902.23
2016-12-08,6931.55
2016-12-09,6954.21
2016-12-12,6890.42
2016-12-13,6968.57
2016-12-14,6949.19
2016-12-15,6999.01
2016-12-16,7011.64
2016-12-19,7017.16
2016-12-20,7043.96
2016-12-21,7041.42
2016-12-22,7063.68
2016-12-23,7068.17
2016-12-28,7106.08
2016-12-29,7120.26
2016-12-30,7142.83
2017-01-03,7177.89
2017-01-04,7189.74
2017-01-05,7195.31
2017-01-06,7210.05
2017-01-09,7237.77
2017-01-10,7275.47
2017-01-11,7290.49
2017-01-12,7292.37
2017-01-13,7337.81
2017-01-16,7327.13
2017-01-17,7220.38
2017-01-18,7247.61
2017-01-19,7208.44
2017-01-20,7198.44
2017-01-23,7151.18
2017-01-24,7150.34
2017-01-25,7164.43
2017-01-26,7161.49
2017-01-27,7184.49
2017-01-30,7118.48
2017-01-31,7099.15
2017-02-01,7107.65
2017-02-02,7140.75
2017-02-03,7188.3
2017-02-06,7172.15
2017-02-07,7186.22
2017-02-08,7188.82
2017-02-09,7229.5
2017-02-10,7258.75
2017-02-13,7278.92
2017-02-14,7268.56
2017-02-15,7302.41
2017-02-16,7277.92
2017-02-17,7299.96
2017-02-20,7299.86
2017-02-21,7274.83
2017-02-22,7302.25
2017-02-23,7271.37
2017-02-24,7243.7
2017-02-27,7253.0
2017-02-28,7263.44
2017-03-01,7382.9
2017-03-02,7382.35
2017-03-03,7374.26
2017-03-06,7350.12
2017-03-07,7338.99
2017-03-08,7334.61
2017-03-09,7314.96
2017-03-10,7343.08
2017-03-13,7367.08
2017-03-14,7357.85
2017-03-15,7368.64
2017-03-16,7415.95
2017-03-17,7424.96
2017-03-20,7429.81
2017-03-21,7378.34
2017-03-22,7324.72
2017-03-23,7340.71
2017-03-24,7336.82
2017-03-27,7293.5
2017-03-28,7343.42
2017-03-29,7373.72
2017-03-30,7369.52
2017-03-31,7322.92
2017-04-03,7282.69
2017-04-04,7321.82
2017-04-05,7331.68
2017-04-06,7303.2
2017-04-07,7349.37
2017-04-10,7348.94
2017-04-11,7365.5
2017-04-12,7348.99
2017-04-13,7327.59
2017-04-18,7147.5
2017-04-19,7114.36
2017-04-20,7118.54
2017-04-21,7114.55
2017-04-24,7264.68
2017-04-25,7275.64
2017-04-26,7288.72
2017-04-27,7237.17
2017-04-28,7203.94
2017-05-02,7250.05
2017-05-03,7234.53
2017-05-04,7248.1
2017-05-05,7297.43
2017-05-08,7300.86
2017-05-09,7342.21
2017-05-10,7385.24
2017-05-11,7386.63
2017-05-12,7435.39
2017-05-15,7454.37
2017-05-16,7522.03
2017-05-17,7503.47
2017-05-18,7436.42
2017-05-19,7470.71
2017-05-22,7496.34
2017-05-23,7485.29
2017-05-24,7514.9
2017-05-25,7517.71
2017-05-26,7547.63
2017-05-30,7526.51
2017-05-31,7519.95
2017-06-01,7543.77
2017-06-02,7547.63
2017-06-05,7525.76
2017-06-06,7524.95
2017-06-07,7478.62
2017-06-08,7449.98
2017-06-09,7527.33
2017-06-12,7511.87
2017-06-13,7500.44
2017-06-14,7474.4
2017-06-15,7419.36
2017-06-16,7463.54
2017-06-19,7523.81
2017-06-20,7472.71
2017-06-21,7447.79
2017-06-22,7439.29
2017-06-23,7424.13
2017-06-26,7446.8
2017-06-27,7434.36
2017-06-28,7387.8
2017-06-29,7350.32
2017-06-30,7312.72
2017-07-03,7377.09
2017-07-04,7357.23
2017-07-05,7367.6
2017-07-06,7337.28
2017-07-07,7350.92
2017-07-10,7370.03
2017-07-11,7329.76
2017-07-12,7416.93
2017-07-13,7413.44
2017-07-14,7378.39
2017-07-17,7404.13
2017-07-18,7390.22
2017-07-19,7430.91
2017-07-20,7487.87
2017-07-21,7452.91
2017-07-24,7377.73
2017-07-25,7434.82
2017-07-26,7452.32
2017-07-27,7443.01
2017-07-28,7368.37
2017-07-31,7372.0
2017-08-01,7423.66
2017-08-02,7411.43
2017-08-03,7474.77
2017-08-04,7511.71
2017-08-07,7531.94
2017-08-08,7542.73
2017-08-09,7498.06
2017-08-10,7389.94
2017-08-11,7309.96
2017-08-14,7353.89
2017-08-15,7383.85
2017-08-16,7433.03
2017-08-17,7387.87
2017-08-18,7323.98
2017-08-21,7318.88
2017-08-22,7381.74
2017-08-23,7382.65
2017-08-24,7407.06
2017-08-25,7401.46
2017-08-29,7337.43
2017-08-30,7365.26
2017-08-31,7430.62
2017-09-01,7438.5
2017-09-04,7411.47
2017-09-05,7372.92
2017-09-06,7354.13
2017-09-07,7396.98
2017-09-08,7377.6
